 # de.tudarmstadt.ukp.dkpro.core.api.segmentation.type.Lemma | value # de.tudarmstadt.ukp.dkpro.core.api.lexmorph.type.pos.POS | PosValue # de.tudarmstadt.ukp.dkpro.core.api.ner.type.NamedEntity | value
#id=1
#text=Denne gang blev bolden spillet frem mod Bjørn Runström, der fik tid og plads af AaB-forsvareren  til at spille bolden videre til Espen Ruud, som kunne vippe bolden ind i feltet, hvor en fremstormende Hans Henrik Andreasen nikkede bolden sikkert i mål, også denne aktion for anden kamp i træk.
1-1	Denne	denne	PM:s-uc:--:----	O	
1-2	gang	gang	NC:siuc:--:----	O	
1-3	blev	blive	VF:----:ta:----	O	
1-4	bolden	bold	NC:sduc:--:----	O	
1-5	spillet	spille	VT:siu#:t-:----	O	
1-6	frem	frem	D-:----:--:u---	O	
1-7	mod	mod	T-:----:--:----	O	
1-8	Bjørn	Bjørn	NP:siu#:--:----	O	
1-9	Runström	Runström	NP:siu#:--:----	O	
1-10	,	,	ZD	O	
1-11	der	der	US:----:--:----	O	
1-12	fik	få	VF:----:ta:----	O	
1-13	tid	tid	NC:siuc:--:----	O	
1-14	og	og	CC:----:--:----	O	
1-15	plads	_	NC:siuc:--:----	B-plads-1	
1-16	af	af	T-:----:--:----	O	
1-17	AaB	AaB	NW:----:--:----	O	
1-18	-	-	ZH	O	
1-19	forsvareren	forsvarer	NC:sduc:--:----	O	
1-20	til	til	T-:----:--:----	O	
1-21	at	at	UI:----:--:----	O	
1-22	spille	spille	VI:----:-a:----	O	
1-23	bolden	bold	NC:sduc:--:----	O	
1-24	videre	videre	D-:----:--:u---	O	
1-25	til	til	T-:----:--:----	O	
1-26	Espen	Espen	NC:sduc:--:----	O	
1-27	Ruud	Ruud	NP:siu#:--:----	O	
1-28	,	,	ZD	O	
1-29	som	som	US:----:--:----	O	
1-30	kunne	kunne	VF:----:ta:----	O	
1-31	vippe	vippe	VI:----:-a:----	O	
1-32	bolden	bold	NC:sduc:--:----	O	
1-33	ind	ind	D-:----:--:u---	O	
1-34	i	i	T-:----:--:----	O	
1-35	feltet	felt	NC:sdun:--:----	O	
1-36	,	,	ZD	O	
1-37	hvor	hvor	D-:----:--:u---	O	
1-38	en	en	PI:s-uc:--:----	O	
1-39	fremstormende	fremstorme	VP:##u#:s-:----	O	
1-40	Hans	Hans	NP:siu#:--:----	O	
1-41	Henrik	Henrik	NP:siu#:--:----	O	
1-42	Andreasen	Andreasen	NP:siu#:--:----	O	
1-43	nikkede	nikke	VF:----:ta:----	O	
1-44	bolden	bold	NC:sduc:--:----	O	
1-45	sikkert	sikker	AD:----:--:p---	O	
1-46	i	i	T-:----:--:----	O	
1-47	mål	mål	NC:siun:--:----	O	
1-48	,	,	ZD	O	
1-49	også	også	D-:----:--:u---	O	
1-50	denne	denne	PM:s-uc:--:----	O	
1-51	aktion	aktion	NC:siuc:--:----	O	
1-52	for	for	T-:----:--:----	O	
1-53	anden	anden	PI:s-uc:--:----	O	
1-54	kamp	kamp	NC:siuc:--:----	O	
1-55	i	i	T-:----:--:----	O	
1-56	træk	træk	NC:siuc:--:----	O	
1-57	.	.	ZP	O	

#id=2
#text= Efter et point i de seneste tre kampe rykkede AC Horsens med sejren over Vejle og dermed på den rigtige side af nedrykningsstregen, og Vejle skal vinde over FC København i Parken i morgen for at tilbageerobre 10.-pladsen.
2-1	Efter	_	_	O	
2-2	et	_	_	O	
2-3	point	_	_	O	
2-4	i	_	_	O	
2-5	de	_	_	O	
2-6	seneste	_	_	O	
2-7	tre	_	_	O	
2-8	kampe	_	_	O	
2-9	rykkede	_	_	O	
2-10	AC	_	_	O	
2-11	Horsens	_	_	O	
2-12	med	_	_	O	
2-13	sejren	_	_	O	
2-14	over	_	_	O	
2-15	Vejle	_	_	O	
2-16	og	_	_	O	
2-17	dermed	_	_	O	
2-18	på	_	_	O	
2-19	den	_	_	O	
2-20	rigtige	_	_	O	
2-21	side	_	_	O	
2-22	af	_	_	O	
2-23	nedrykningsstregen	_	_	O	
2-24	,	_	_	O	
2-25	og	_	_	O	
2-26	Vejle	_	_	O	
2-27	skal	_	_	O	
2-28	vinde	_	_	O	
2-29	over	_	_	O	
2-30	FC	_	_	O	
2-31	København	_	_	O	
2-32	i	_	_	O	
2-33	Parken	_	_	O	
2-34	i	_	_	O	
2-35	morgen	_	_	O	
2-36	for	_	_	O	
2-37	at	_	_	O	
2-38	tilbageerobre	_	_	O	
2-39	10	_	_	O	
2-40	.	_	_	O	
2-41	-	_	_	O	
2-42	pladsen	_	_	O	
2-43	.	_	_	O	

#id=3
#text= Pokalsuccesen har løftet Nordvest FCspillerne og kan bære dem videre mod sæsonens største mål, og nej, det er ikke en plads i pokalfinalen.
3-1	Pokalsuccesen	_	_	O	
3-2	har	_	_	O	
3-3	løftet	_	_	O	
3-4	Nordvest	_	_	O	
3-5	FCspillerne	_	_	O	
3-6	og	_	_	O	
3-7	kan	_	_	O	
3-8	bære	_	_	O	
3-9	dem	_	_	O	
3-10	videre	_	_	O	
3-11	mod	_	_	O	
3-12	sæsonens	_	_	O	
3-13	største	_	_	O	
3-14	mål	_	_	O	
3-15	,	_	_	O	
3-16	og	_	_	O	
3-17	nej	_	_	O	
3-18	,	_	_	O	
3-19	det	_	_	O	
3-20	er	_	_	O	
3-21	ikke	_	_	O	
3-22	en	_	_	O	
3-23	plads	_	_	O	
3-24	i	_	_	O	
3-25	pokalfinalen	_	_	O	
3-26	.	_	_	O	

#id=4
#text= Feltets tredje stormester, Lars Schandorff, tog 3.-pladsen med 6,5.
4-1	Feltets	_	_	O	
4-2	tredje	_	_	O	
4-3	stormester	_	_	O	
4-4	,	_	_	O	
4-5	Lars	_	_	O	
4-6	Schandorff	_	_	O	
4-7	,	_	_	O	
4-8	tog	_	_	O	
4-9	3	_	_	O	
4-10	.	_	_	O	
4-11	-	_	_	O	
4-12	pladsen	_	_	O	
4-13	med	_	_	O	
4-14	6	_	_	O	
4-15	,	_	_	O	
4-16	5	_	_	O	
4-17	.	_	_	O	

#id=5
#text=Bo Garner Christensen og Mads Andersen delte 4.-pladsen med 6 point.
5-1	Bo	_	_	O	
5-2	Garner	_	_	O	
5-3	Christensen	_	_	O	
5-4	og	_	_	O	
5-5	Mads	_	_	O	
5-6	Andersen	_	_	O	
5-7	delte	_	_	O	
5-8	4	_	_	O	
5-9	.	_	_	O	
5-10	-	_	_	O	
5-11	pladsen	_	_	O	
5-12	med	_	_	O	
5-13	6	_	_	O	
5-14	point	_	_	O	
5-15	.	_	_	O	

#id=6
#text= Hvis ikke byen bredte sig ud i naturen, havde bavianerne jo haft plads nok.
6-1	Hvis	_	_	O	
6-2	ikke	_	_	O	
6-3	byen	_	_	O	
6-4	bredte	_	_	O	
6-5	sig	_	_	O	
6-6	ud	_	_	O	
6-7	i	_	_	O	
6-8	naturen	_	_	O	
6-9	,	_	_	O	
6-10	havde	_	_	O	
6-11	bavianerne	_	_	O	
6-12	jo	_	_	O	
6-13	haft	_	_	O	
6-14	plads	_	_	O	
6-15	nok	_	_	O	
6-16	.	_	_	O	

#id=7
#text= Men det er på sin plads, at Ole Brask til gengæld havde en intens appetit på livet fra og med 1950' erne, og hans hovedværk blev så både vedkommende og klassisk, som det gjorde.
7-1	Men	_	_	O	
7-2	det	_	_	O	
7-3	er	_	_	O	
7-4	på	_	_	O	
7-5	sin	_	_	O	
7-6	plads	_	_	O	
7-7	,	_	_	O	
7-8	at	_	_	O	
7-9	Ole	_	_	O	
7-10	Brask	_	_	O	
7-11	til	_	_	O	
7-12	gengæld	_	_	O	
7-13	havde	_	_	O	
7-14	en	_	_	O	
7-15	intens	_	_	O	
7-16	appetit	_	_	O	
7-17	på	_	_	O	
7-18	livet	_	_	O	
7-19	fra	_	_	O	
7-20	og	_	_	O	
7-21	med	_	_	O	
7-22	1950	_	_	O	
7-23	'	_	_	O	
7-24	erne	_	_	O	
7-25	,	_	_	O	
7-26	og	_	_	O	
7-27	hans	_	_	O	
7-28	hovedværk	_	_	O	
7-29	blev	_	_	O	
7-30	så	_	_	O	
7-31	både	_	_	O	
7-32	vedkommende	_	_	O	
7-33	og	_	_	O	
7-34	klassisk	_	_	O	
7-35	,	_	_	O	
7-36	som	_	_	O	
7-37	det	_	_	O	
7-38	gjorde	_	_	O	
7-39	.	_	_	O	

#id=8
#text=På denne plads kommenterer vi gode, velskrevne og tankevækkende debatindlæg fra andre danske medier.
8-1	På	_	_	O	
8-2	denne	_	_	O	
8-3	plads	_	_	O	
8-4	kommenterer	_	_	O	
8-5	vi	_	_	O	
8-6	gode	_	_	O	
8-7	,	_	_	O	
8-8	velskrevne	_	_	O	
8-9	og	_	_	O	
8-10	tankevækkende	_	_	O	
8-11	debatindlæg	_	_	O	
8-12	fra	_	_	O	
8-13	andre	_	_	O	
8-14	danske	_	_	O	
8-15	medier	_	_	O	
8-16	.	_	_	O	

#id=9
#text= Og medbringer man egen hjælper, er man næsten udelukket fra at bruge bussen, da det kræver både snilde og råstyrke først at få bussernes ramper til at virke og dernæst at få plads i bussen.
9-1	Og	_	_	O	
9-2	medbringer	_	_	O	
9-3	man	_	_	O	
9-4	egen	_	_	O	
9-5	hjælper	_	_	O	
9-6	,	_	_	O	
9-7	er	_	_	O	
9-8	man	_	_	O	
9-9	næsten	_	_	O	
9-10	udelukket	_	_	O	
9-11	fra	_	_	O	
9-12	at	_	_	O	
9-13	bruge	_	_	O	
9-14	bussen	_	_	O	
9-15	,	_	_	O	
9-16	da	_	_	O	
9-17	det	_	_	O	
9-18	kræver	_	_	O	
9-19	både	_	_	O	
9-20	snilde	_	_	O	
9-21	og	_	_	O	
9-22	råstyrke	_	_	O	
9-23	først	_	_	O	
9-24	at	_	_	O	
9-25	få	_	_	O	
9-26	bussernes	_	_	O	
9-27	ramper	_	_	O	
9-28	til	_	_	O	
9-29	at	_	_	O	
9-30	virke	_	_	O	
9-31	og	_	_	O	
9-32	dernæst	_	_	O	
9-33	at	_	_	O	
9-34	få	_	_	O	
9-35	plads	_	_	O	
9-36	i	_	_	O	
9-37	bussen	_	_	O	
9-38	.	_	_	O	

#id=10
#text=En langt billigere og hurtigere distribution af nyheder og baggrundsstof har dermed  indtaget en plads ved siden af den langt dyrere og tungere avisproduktion.
10-1	En	_	_	O	
10-2	langt	_	_	O	
10-3	billigere	_	_	O	
10-4	og	_	_	O	
10-5	hurtigere	_	_	O	
10-6	distribution	_	_	O	
10-7	af	_	_	O	
10-8	nyheder	_	_	O	
10-9	og	_	_	O	
10-10	baggrundsstof	_	_	O	
10-11	har	_	_	O	
10-12	dermed	_	_	O	
10-13	indtaget	_	_	O	
10-14	en	_	_	O	
10-15	plads	_	_	O	
10-16	ved	_	_	O	
10-17	siden	_	_	O	
10-18	af	_	_	O	
10-19	den	_	_	O	
10-20	langt	_	_	O	
10-21	dyrere	_	_	O	
10-22	og	_	_	O	
10-23	tungere	_	_	O	
10-24	avisproduktion	_	_	O	
10-25	.	_	_	O	

#id=11
#text= Bennahum tror ikke på, at de elektroniske medier, som tilsyneladende formår at holde nyhedsmaskineriet i gang, kan indtage den plads i pressehistorien, som dagbladene med deres solide research og kritiske tænkning hidtil har indtaget.
11-1	Bennahum	_	_	O	
11-2	tror	_	_	O	
11-3	ikke	_	_	O	
11-4	på	_	_	O	
11-5	,	_	_	O	
11-6	at	_	_	O	
11-7	de	_	_	O	
11-8	elektroniske	_	_	O	
11-9	medier	_	_	O	
11-10	,	_	_	O	
11-11	som	_	_	O	
11-12	tilsyneladende	_	_	O	
11-13	formår	_	_	O	
11-14	at	_	_	O	
11-15	holde	_	_	O	
11-16	nyhedsmaskineriet	_	_	O	
11-17	i	_	_	O	
11-18	gang	_	_	O	
11-19	,	_	_	O	
11-20	kan	_	_	O	
11-21	indtage	_	_	O	
11-22	den	_	_	O	
11-23	plads	_	_	O	
11-24	i	_	_	O	
11-25	pressehistorien	_	_	O	
11-26	,	_	_	O	
11-27	som	_	_	O	
11-28	dagbladene	_	_	O	
11-29	med	_	_	O	
11-30	deres	_	_	O	
11-31	solide	_	_	O	
11-32	research	_	_	O	
11-33	og	_	_	O	
11-34	kritiske	_	_	O	
11-35	tænkning	_	_	O	
11-36	hidtil	_	_	O	
11-37	har	_	_	O	
11-38	indtaget	_	_	O	
11-39	.	_	_	O	

#id=12
#text=Der skal bruges maskiner, værktøj, pc, infrastruktur, fysisk plads og måske en parkeringsplads.
12-1	Der	_	_	O	
12-2	skal	_	_	O	
12-3	bruges	_	_	O	
12-4	maskiner	_	_	O	
12-5	,	_	_	O	
12-6	værktøj	_	_	O	
12-7	,	_	_	O	
12-8	pc	_	_	O	
12-9	,	_	_	O	
12-10	infrastruktur	_	_	O	
12-11	,	_	_	O	
12-12	fysisk	_	_	O	
12-13	plads	_	_	O	
12-14	og	_	_	O	
12-15	måske	_	_	O	
12-16	en	_	_	O	
12-17	parkeringsplads	_	_	O	
12-18	.	_	_	O	

#id=13
#text= I mit køkken er der kun plads til sjove ting - med ekstra god plads til god energi.
13-1	I	_	_	O	
13-2	mit	_	_	O	
13-3	køkken	_	_	O	
13-4	er	_	_	O	
13-5	der	_	_	O	
13-6	kun	_	_	O	
13-7	plads	_	_	O	
13-8	til	_	_	O	
13-9	sjove	_	_	O	
13-10	ting	_	_	O	
13-11	-	_	_	O	
13-12	med	_	_	O	
13-13	ekstra	_	_	O	
13-14	god	_	_	O	
13-15	plads	_	_	O	
13-16	til	_	_	O	
13-17	god	_	_	O	
13-18	energi	_	_	O	
13-19	.	_	_	O	

#id=14
#text= Hvis man giver dem plads, kan børn være sindssygt dygtige til alt muligt.
14-1	Hvis	_	_	O	
14-2	man	_	_	O	
14-3	giver	_	_	O	
14-4	dem	_	_	O	
14-5	plads	_	_	O	
14-6	,	_	_	O	
14-7	kan	_	_	O	
14-8	børn	_	_	O	
14-9	være	_	_	O	
14-10	sindssygt	_	_	O	
14-11	dygtige	_	_	O	
14-12	til	_	_	O	
14-13	alt	_	_	O	
14-14	muligt	_	_	O	
14-15	.	_	_	O	

#id=15
#text=Det fik først den daværende direktør Arne Dyhrberg til at gå af, fordi han ville give plads til friske kræfter efter at være kørt træt med mange års fallit hængende over hovedet.
15-1	Det	_	_	O	
15-2	fik	_	_	O	
15-3	først	_	_	O	
15-4	den	_	_	O	
15-5	daværende	_	_	O	
15-6	direktør	_	_	O	
15-7	Arne	_	_	O	
15-8	Dyhrberg	_	_	O	
15-9	til	_	_	O	
15-10	at	_	_	O	
15-11	gå	_	_	O	
15-12	af	_	_	O	
15-13	,	_	_	O	
15-14	fordi	_	_	O	
15-15	han	_	_	O	
15-16	ville	_	_	O	
15-17	give	_	_	O	
15-18	plads	_	_	O	
15-19	til	_	_	O	
15-20	friske	_	_	O	
15-21	kræfter	_	_	O	
15-22	efter	_	_	O	
15-23	at	_	_	O	
15-24	være	_	_	O	
15-25	kørt	_	_	O	
15-26	træt	_	_	O	
15-27	med	_	_	O	
15-28	mange	_	_	O	
15-29	års	_	_	O	
15-30	fallit	_	_	O	
15-31	hængende	_	_	O	
15-32	over	_	_	O	
15-33	hovedet	_	_	O	
15-34	.	_	_	O	

#id=16
#text=Langs grøftens festbord, plads ved plads, står snerleblomsters snapseglas og klinker.
16-1	Langs	_	_	O	
16-2	grøftens	_	_	O	
16-3	festbord	_	_	O	
16-4	,	_	_	O	
16-5	plads	_	_	O	
16-6	ved	_	_	O	
16-7	plads	_	_	O	
16-8	,	_	_	O	
16-9	står	_	_	O	
16-10	snerleblomsters	_	_	O	
16-11	snapseglas	_	_	O	
16-12	og	_	_	O	
16-13	klinker	_	_	O	
16-14	.	_	_	O	

#id=17
#text= Reumert i digtet ' Brændevinens ælde' Om stjerneskud i sjælen Som en stjerne sendt fra himlen funkler snapsen i sit glas Løft den højt og føl en svimlen der hvor hjertet har sin plads Se, den lyser for os alle Se, den blinker kåd og kølen Lad den stige.
17-1	Reumert	_	_	O	
17-2	i	_	_	O	
17-3	digtet	_	_	O	
17-4	'	_	_	O	
17-5	Brændevinens	_	_	O	
17-6	ælde	_	_	O	
17-7	'	_	_	O	
17-8	Om	_	_	O	
17-9	stjerneskud	_	_	O	
17-10	i	_	_	O	
17-11	sjælen	_	_	O	
17-12	Som	_	_	O	
17-13	en	_	_	O	
17-14	stjerne	_	_	O	
17-15	sendt	_	_	O	
17-16	fra	_	_	O	
17-17	himlen	_	_	O	
17-18	funkler	_	_	O	
17-19	snapsen	_	_	O	
17-20	i	_	_	O	
17-21	sit	_	_	O	
17-22	glas	_	_	O	
17-23	Løft	_	_	O	
17-24	den	_	_	O	
17-25	højt	_	_	O	
17-26	og	_	_	O	
17-27	føl	_	_	O	
17-28	en	_	_	O	
17-29	svimlen	_	_	O	
17-30	der	_	_	O	
17-31	hvor	_	_	O	
17-32	hjertet	_	_	O	
17-33	har	_	_	O	
17-34	sin	_	_	O	
17-35	plads	_	_	O	
17-36	Se	_	_	O	
17-37	,	_	_	O	
17-38	den	_	_	O	
17-39	lyser	_	_	O	
17-40	for	_	_	O	
17-41	os	_	_	O	
17-42	alle	_	_	O	
17-43	Se	_	_	O	
17-44	,	_	_	O	
17-45	den	_	_	O	
17-46	blinker	_	_	O	
17-47	kåd	_	_	O	
17-48	og	_	_	O	
17-49	kølen	_	_	O	
17-50	Lad	_	_	O	
17-51	den	_	_	O	
17-52	stige	_	_	O	
17-53	.	_	_	O	

#id=18
#text=Udenrigsministeriet på Asiatisk Plads i København satte nu alle sejl til.
18-1	Udenrigsministeriet	_	_	O	
18-2	på	_	_	O	
18-3	Asiatisk	_	_	O	
18-4	Plads	_	_	O	
18-5	i	_	_	O	
18-6	København	_	_	O	
18-7	satte	_	_	O	
18-8	nu	_	_	O	
18-9	alle	_	_	O	
18-10	sejl	_	_	O	
18-11	til	_	_	O	
18-12	.	_	_	O	

#id=19
#text=Og de sad i bilen i færgelejet i Helsingborg, da Radioavisen kunne fortælle nyheden om, at han ikke havde fået en plads i parlamentet.
19-1	Og	_	_	O	
19-2	de	_	_	O	
19-3	sad	_	_	O	
19-4	i	_	_	O	
19-5	bilen	_	_	O	
19-6	i	_	_	O	
19-7	færgelejet	_	_	O	
19-8	i	_	_	O	
19-9	Helsingborg	_	_	O	
19-10	,	_	_	O	
19-11	da	_	_	O	
19-12	Radioavisen	_	_	O	
19-13	kunne	_	_	O	
19-14	fortælle	_	_	O	
19-15	nyheden	_	_	O	
19-16	om	_	_	O	
19-17	,	_	_	O	
19-18	at	_	_	O	
19-19	han	_	_	O	
19-20	ikke	_	_	O	
19-21	havde	_	_	O	
19-22	fået	_	_	O	
19-23	en	_	_	O	
19-24	plads	_	_	O	
19-25	i	_	_	O	
19-26	parlamentet	_	_	O	
19-27	.	_	_	O	

#id=20
#text= Den internationale civile stab, som betjener generalsekretæren, består af godt 1.000 mennesker - kun lidt flere end i det danske udenrigsministerium på Asiatisk Plads i København.
20-1	Den	_	_	O	
20-2	internationale	_	_	O	
20-3	civile	_	_	O	
20-4	stab	_	_	O	
20-5	,	_	_	O	
20-6	som	_	_	O	
20-7	betjener	_	_	O	
20-8	generalsekretæren	_	_	O	
20-9	,	_	_	O	
20-10	består	_	_	O	
20-11	af	_	_	O	
20-12	godt	_	_	O	
20-13	1	_	_	O	
20-14	.	_	_	O	
20-15	000	_	_	O	
20-16	mennesker	_	_	O	
20-17	-	_	_	O	
20-18	kun	_	_	O	
20-19	lidt	_	_	O	
20-20	flere	_	_	O	
20-21	end	_	_	O	
20-22	i	_	_	O	
20-23	det	_	_	O	
20-24	danske	_	_	O	
20-25	udenrigsministerium	_	_	O	
20-26	på	_	_	O	
20-27	Asiatisk	_	_	O	
20-28	Plads	_	_	O	
20-29	i	_	_	O	
20-30	København	_	_	O	
20-31	.	_	_	O	

#id=21
#text=Den femte plads går på skift og er for tiden besat af Norge.
21-1	Den	_	_	O	
21-2	femte	_	_	O	
21-3	plads	_	_	O	
21-4	går	_	_	O	
21-5	på	_	_	O	
21-6	skift	_	_	O	
21-7	og	_	_	O	
21-8	er	_	_	O	
21-9	for	_	_	O	
21-10	tiden	_	_	O	
21-11	besat	_	_	O	
21-12	af	_	_	O	
21-13	Norge	_	_	O	
21-14	.	_	_	O	

#id=22
#text="Størrelsen og fleksibiliteten gør, at højttalerne kan bruges overalt, hvor plads er en udfordring", siger Steve Couchman, koncernchef ved producenterne Warwick Audio Technologies, til politiken.
22-1	"	_	_	O	
22-2	Størrelsen	_	_	O	
22-3	og	_	_	O	
22-4	fleksibiliteten	_	_	O	
22-5	gør	_	_	O	
22-6	,	_	_	O	
22-7	at	_	_	O	
22-8	højttalerne	_	_	O	
22-9	kan	_	_	O	
22-10	bruges	_	_	O	
22-11	overalt	_	_	O	
22-12	,	_	_	O	
22-13	hvor	_	_	O	
22-14	plads	_	_	O	
22-15	er	_	_	O	
22-16	en	_	_	O	
22-17	udfordring	_	_	O	
22-18	"	_	_	O	
22-19	,	_	_	O	
22-20	siger	_	_	O	
22-21	Steve	_	_	O	
22-22	Couchman	_	_	O	
22-23	,	_	_	O	
22-24	koncernchef	_	_	O	
22-25	ved	_	_	O	
22-26	producenterne	_	_	O	
22-27	Warwick	_	_	O	
22-28	Audio	_	_	O	
22-29	Technologies	_	_	O	
22-30	,	_	_	O	
22-31	til	_	_	O	
22-32	politiken	_	_	O	
22-33	.	_	_	O	

#id=23
#text=Denne mekanisme kan et godt stykke hen ad vejen holde et menneskes LDL-niveau på plads.
23-1	Denne	_	_	O	
23-2	mekanisme	_	_	O	
23-3	kan	_	_	O	
23-4	et	_	_	O	
23-5	godt	_	_	O	
23-6	stykke	_	_	O	
23-7	hen	_	_	O	
23-8	ad	_	_	O	
23-9	vejen	_	_	O	
23-10	holde	_	_	O	
23-11	et	_	_	O	
23-12	menneskes	_	_	O	
23-13	LDL	_	_	O	
23-14	-	_	_	O	
23-15	niveau	_	_	O	
23-16	på	_	_	O	
23-17	plads	_	_	O	
23-18	.	_	_	O	

#id=24
#text= I 1998 hentede Birthe Skaarup for første gang stemmer nok til at indtage en plads i Folketinget.
24-1	I	_	_	O	
24-2	1998	_	_	O	
24-3	hentede	_	_	O	
24-4	Birthe	_	_	O	
24-5	Skaarup	_	_	O	
24-6	for	_	_	O	
24-7	første	_	_	O	
24-8	gang	_	_	O	
24-9	stemmer	_	_	O	
24-10	nok	_	_	O	
24-11	til	_	_	O	
24-12	at	_	_	O	
24-13	indtage	_	_	O	
24-14	en	_	_	O	
24-15	plads	_	_	O	
24-16	i	_	_	O	
24-17	Folketinget	_	_	O	
24-18	.	_	_	O	

#id=25
#text= Så kan der ikke blive plads til at fortælle, at man er æresmedlem af Forlæggerforeningen.
25-1	Så	_	_	O	
25-2	kan	_	_	O	
25-3	der	_	_	O	
25-4	ikke	_	_	O	
25-5	blive	_	_	O	
25-6	plads	_	_	O	
25-7	til	_	_	O	
25-8	at	_	_	O	
25-9	fortælle	_	_	O	
25-10	,	_	_	O	
25-11	at	_	_	O	
25-12	man	_	_	O	
25-13	er	_	_	O	
25-14	æresmedlem	_	_	O	
25-15	af	_	_	O	
25-16	Forlæggerforeningen	_	_	O	
25-17	.	_	_	O	

#id=26
#text=Når man først sidder iført badebukser blandt mænd i alle aldre og former eller saligt flyder med hænderne på bassinets kant, kommer åndedrættet på plads.
26-1	Når	_	_	O	
26-2	man	_	_	O	
26-3	først	_	_	O	
26-4	sidder	_	_	O	
26-5	iført	_	_	O	
26-6	badebukser	_	_	O	
26-7	blandt	_	_	O	
26-8	mænd	_	_	O	
26-9	i	_	_	O	
26-10	alle	_	_	O	
26-11	aldre	_	_	O	
26-12	og	_	_	O	
26-13	former	_	_	O	
26-14	eller	_	_	O	
26-15	saligt	_	_	O	
26-16	flyder	_	_	O	
26-17	med	_	_	O	
26-18	hænderne	_	_	O	
26-19	på	_	_	O	
26-20	bassinets	_	_	O	
26-21	kant	_	_	O	
26-22	,	_	_	O	
26-23	kommer	_	_	O	
26-24	åndedrættet	_	_	O	
26-25	på	_	_	O	
26-26	plads	_	_	O	
26-27	.	_	_	O	

#id=27
#text=Motlanthes afskedsinterview bekræfter på mange måder, at Zumas ANC i disse spændte tider ikke giver megen plads til nuancerede holdninger.
27-1	Motlanthes	_	_	O	
27-2	afskedsinterview	_	_	O	
27-3	bekræfter	_	_	O	
27-4	på	_	_	O	
27-5	mange	_	_	O	
27-6	måder	_	_	O	
27-7	,	_	_	O	
27-8	at	_	_	O	
27-9	Zumas	_	_	O	
27-10	ANC	_	_	O	
27-11	i	_	_	O	
27-12	disse	_	_	O	
27-13	spændte	_	_	O	
27-14	tider	_	_	O	
27-15	ikke	_	_	O	
27-16	giver	_	_	O	
27-17	megen	_	_	O	
27-18	plads	_	_	O	
27-19	til	_	_	O	
27-20	nuancerede	_	_	O	
27-21	holdninger	_	_	O	
27-22	.	_	_	O	

#id=28
#text= Næh, så lad hellere DR's højt besungne dramaafdeling under ledelse af chefmanipulator Inga Golfbold fortsætte deres elegant komponerede skønmalerier af det socialistiske lykkeland, hvor de lede højreorienterede sættes på plads af sande humanister, for seerne skulle jo nødig vågne af deres slummer og opdage, hvordan Palle Froms efterkommere har overladt nationen til muslimske bekvemmelighedsflygtninge, der takker for venligheden ved at åbne ildelugtende shawarmabarer  på hvert andet gadehjørne og befolke den kollektive trafik med tildækkede kvinder, der kræver at komme med bussen, fordi de jo ' har månedskort'.
28-1	Næh	_	_	O	
28-2	,	_	_	O	
28-3	så	_	_	O	
28-4	lad	_	_	O	
28-5	hellere	_	_	O	
28-6	DR	_	_	O	
28-7	'	_	_	O	
28-8	s	_	_	O	
28-9	højt	_	_	O	
28-10	besungne	_	_	O	
28-11	dramaafdeling	_	_	O	
28-12	under	_	_	O	
28-13	ledelse	_	_	O	
28-14	af	_	_	O	
28-15	chefmanipulator	_	_	O	
28-16	Inga	_	_	O	
28-17	Golfbold	_	_	O	
28-18	fortsætte	_	_	O	
28-19	deres	_	_	O	
28-20	elegant	_	_	O	
28-21	komponerede	_	_	O	
28-22	skønmalerier	_	_	O	
28-23	af	_	_	O	
28-24	det	_	_	O	
28-25	socialistiske	_	_	O	
28-26	lykkeland	_	_	O	
28-27	,	_	_	O	
28-28	hvor	_	_	O	
28-29	de	_	_	O	
28-30	lede	_	_	O	
28-31	højreorienterede	_	_	O	
28-32	sættes	_	_	O	
28-33	på	_	_	O	
28-34	plads	_	_	O	
28-35	af	_	_	O	
28-36	sande	_	_	O	
28-37	humanister	_	_	O	
28-38	,	_	_	O	
28-39	for	_	_	O	
28-40	seerne	_	_	O	
28-41	skulle	_	_	O	
28-42	jo	_	_	O	
28-43	nødig	_	_	O	
28-44	vågne	_	_	O	
28-45	af	_	_	O	
28-46	deres	_	_	O	
28-47	slummer	_	_	O	
28-48	og	_	_	O	
28-49	opdage	_	_	O	
28-50	,	_	_	O	
28-51	hvordan	_	_	O	
28-52	Palle	_	_	O	
28-53	Froms	_	_	O	
28-54	efterkommere	_	_	O	
28-55	har	_	_	O	
28-56	overladt	_	_	O	
28-57	nationen	_	_	O	
28-58	til	_	_	O	
28-59	muslimske	_	_	O	
28-60	bekvemmelighedsflygtninge	_	_	O	
28-61	,	_	_	O	
28-62	der	_	_	O	
28-63	takker	_	_	O	
28-64	for	_	_	O	
28-65	venligheden	_	_	O	
28-66	ved	_	_	O	
28-67	at	_	_	O	
28-68	åbne	_	_	O	
28-69	ildelugtende	_	_	O	
28-70	shawarmabarer	_	_	O	
28-71	på	_	_	O	
28-72	hvert	_	_	O	
28-73	andet	_	_	O	
28-74	gadehjørne	_	_	O	
28-75	og	_	_	O	
28-76	befolke	_	_	O	
28-77	den	_	_	O	
28-78	kollektive	_	_	O	
28-79	trafik	_	_	O	
28-80	med	_	_	O	
28-81	tildækkede	_	_	O	
28-82	kvinder	_	_	O	
28-83	,	_	_	O	
28-84	der	_	_	O	
28-85	kræver	_	_	O	
28-86	at	_	_	O	
28-87	komme	_	_	O	
28-88	med	_	_	O	
28-89	bussen	_	_	O	
28-90	,	_	_	O	
28-91	fordi	_	_	O	
28-92	de	_	_	O	
28-93	jo	_	_	O	
28-94	'	_	_	O	
28-95	har	_	_	O	
28-96	månedskort	_	_	O	
28-97	'	_	_	O	
28-98	.	_	_	O	

#id=29
#text=Kicker kalder det en "klassekamp" af Hamburg, da det offensivt orienterede nordtyske hold satte "millionærholdet" fra Manchester City på plads.
29-1	Kicker	_	_	O	
29-2	kalder	_	_	O	
29-3	det	_	_	O	
29-4	en	_	_	O	
29-5	"	_	_	O	
29-6	klassekamp	_	_	O	
29-7	"	_	_	O	
29-8	af	_	_	O	
29-9	Hamburg	_	_	O	
29-10	,	_	_	O	
29-11	da	_	_	O	
29-12	det	_	_	O	
29-13	offensivt	_	_	O	
29-14	orienterede	_	_	O	
29-15	nordtyske	_	_	O	
29-16	hold	_	_	O	
29-17	satte	_	_	O	
29-18	"	_	_	O	
29-19	millionærholdet	_	_	O	
29-20	"	_	_	O	
29-21	fra	_	_	O	
29-22	Manchester	_	_	O	
29-23	City	_	_	O	
29-24	på	_	_	O	
29-25	plads	_	_	O	
29-26	.	_	_	O	

#id=30
#text= Først skulle vi kvalificere os til EM, så skulle vi ved EM sikre en VM-plads, og så gjaldt det den hjemlige kamp om at repræsentere Danmark ved VM.
30-1	Først	_	_	O	
30-2	skulle	_	_	O	
30-3	vi	_	_	O	
30-4	kvalificere	_	_	O	
30-5	os	_	_	O	
30-6	til	_	_	O	
30-7	EM	_	_	O	
30-8	,	_	_	O	
30-9	så	_	_	O	
30-10	skulle	_	_	O	
30-11	vi	_	_	O	
30-12	ved	_	_	O	
30-13	EM	_	_	O	
30-14	sikre	_	_	O	
30-15	en	_	_	O	
30-16	VM	_	_	O	
30-17	-	_	_	O	
30-18	plads	_	_	O	
30-19	,	_	_	O	
30-20	og	_	_	O	
30-21	så	_	_	O	
30-22	gjaldt	_	_	O	
30-23	det	_	_	O	
30-24	den	_	_	O	
30-25	hjemlige	_	_	O	
30-26	kamp	_	_	O	
30-27	om	_	_	O	
30-28	at	_	_	O	
30-29	repræsentere	_	_	O	
30-30	Danmark	_	_	O	
30-31	ved	_	_	O	
30-32	VM	_	_	O	
30-33	.	_	_	O	

#id=31
#text=Canada var OL-klar på forhånd, men OLværtsnationen ender ikke desto mindre som vinder af OL-kvalifikationen, der desuden gav pladser til Tyskland, USA, Storbritannien, Frankrig, Norge, Schweiz, Sverige, Danmark og Kina.
31-1	Canada	_	_	O	
31-2	var	_	_	O	
31-3	OL	_	_	O	
31-4	-	_	_	O	
31-5	klar	_	_	O	
31-6	på	_	_	O	
31-7	forhånd	_	_	O	
31-8	,	_	_	O	
31-9	men	_	_	O	
31-10	OLværtsnationen	_	_	O	
31-11	ender	_	_	O	
31-12	ikke	_	_	O	
31-13	desto	_	_	O	
31-14	mindre	_	_	O	
31-15	som	_	_	O	
31-16	vinder	_	_	O	
31-17	af	_	_	O	
31-18	OL	_	_	O	
31-19	-	_	_	O	
31-20	kvalifikationen	_	_	O	
31-21	,	_	_	O	
31-22	der	_	_	O	
31-23	desuden	_	_	O	
31-24	gav	_	_	O	
31-25	pladser	_	_	O	
31-26	til	_	_	O	
31-27	Tyskland	_	_	O	
31-28	,	_	_	O	
31-29	USA	_	_	O	
31-30	,	_	_	O	
31-31	Storbritannien	_	_	O	
31-32	,	_	_	O	
31-33	Frankrig	_	_	O	
31-34	,	_	_	O	
31-35	Norge	_	_	O	
31-36	,	_	_	O	
31-37	Schweiz	_	_	O	
31-38	,	_	_	O	
31-39	Sverige	_	_	O	
31-40	,	_	_	O	
31-41	Danmark	_	_	O	
31-42	og	_	_	O	
31-43	Kina	_	_	O	
31-44	.	_	_	O	

#id=32
#text="Det er interessant, at befolkningen, i en tid, hvor det naturvidenskabelige livssyn dominerer, alligevel har plads til den lomme, det overvirkelige er", siger sognepræst i Christians Kirke i København Flemming Pless.
32-1	"	_	_	O	
32-2	Det	_	_	O	
32-3	er	_	_	O	
32-4	interessant	_	_	O	
32-5	,	_	_	O	
32-6	at	_	_	O	
32-7	befolkningen	_	_	O	
32-8	,	_	_	O	
32-9	i	_	_	O	
32-10	en	_	_	O	
32-11	tid	_	_	O	
32-12	,	_	_	O	
32-13	hvor	_	_	O	
32-14	det	_	_	O	
32-15	naturvidenskabelige	_	_	O	
32-16	livssyn	_	_	O	
32-17	dominerer	_	_	O	
32-18	,	_	_	O	
32-19	alligevel	_	_	O	
32-20	har	_	_	O	
32-21	plads	_	_	O	
32-22	til	_	_	O	
32-23	den	_	_	O	
32-24	lomme	_	_	O	
32-25	,	_	_	O	
32-26	det	_	_	O	
32-27	overvirkelige	_	_	O	
32-28	er	_	_	O	
32-29	"	_	_	O	
32-30	,	_	_	O	
32-31	siger	_	_	O	
32-32	sognepræst	_	_	O	
32-33	i	_	_	O	
32-34	Christians	_	_	O	
32-35	Kirke	_	_	O	
32-36	i	_	_	O	
32-37	København	_	_	O	
32-38	Flemming	_	_	O	
32-39	Pless	_	_	O	
32-40	.	_	_	O	

#id=33
#text= Men forudsætningen for den kristne etik - for eksempel troen på Jesus Kristus som den, der af kærlighed til os overvandt døden - er straks sværere at få på plads for de fleste", siger Elisabeth Dons Christensen.
33-1	Men	_	_	O	
33-2	forudsætningen	_	_	O	
33-3	for	_	_	O	
33-4	den	_	_	O	
33-5	kristne	_	_	O	
33-6	etik	_	_	O	
33-7	-	_	_	O	
33-8	for	_	_	O	
33-9	eksempel	_	_	O	
33-10	troen	_	_	O	
33-11	på	_	_	O	
33-12	Jesus	_	_	O	
33-13	Kristus	_	_	O	
33-14	som	_	_	O	
33-15	den	_	_	O	
33-16	,	_	_	O	
33-17	der	_	_	O	
33-18	af	_	_	O	
33-19	kærlighed	_	_	O	
33-20	til	_	_	O	
33-21	os	_	_	O	
33-22	overvandt	_	_	O	
33-23	døden	_	_	O	
33-24	-	_	_	O	
33-25	er	_	_	O	
33-26	straks	_	_	O	
33-27	sværere	_	_	O	
33-28	at	_	_	O	
33-29	få	_	_	O	
33-30	på	_	_	O	
33-31	plads	_	_	O	
33-32	for	_	_	O	
33-33	de	_	_	O	
33-34	fleste	_	_	O	
33-35	"	_	_	O	
33-36	,	_	_	O	
33-37	siger	_	_	O	
33-38	Elisabeth	_	_	O	
33-39	Dons	_	_	O	
33-40	Christensen	_	_	O	
33-41	.	_	_	O	

#id=34
#text=Forhåbentlig vil der opstå plads til en reel debat på tværs af blokkene.
34-1	Forhåbentlig	_	_	O	
34-2	vil	_	_	O	
34-3	der	_	_	O	
34-4	opstå	_	_	O	
34-5	plads	_	_	O	
34-6	til	_	_	O	
34-7	en	_	_	O	
34-8	reel	_	_	O	
34-9	debat	_	_	O	
34-10	på	_	_	O	
34-11	tværs	_	_	O	
34-12	af	_	_	O	
34-13	blokkene	_	_	O	
34-14	.	_	_	O	

#id=35
#text=Forleden blev det meddelt, at Brøndby har købt den svenske landsholdsspiller Mikael Nilsson, som i næste sæson måske kan tage en plads fra talentfulde unge danske spillere som Daniel Wass og Anders Randrup, der har deltes om højrebackpositionen.
35-1	Forleden	_	_	O	
35-2	blev	_	_	O	
35-3	det	_	_	O	
35-4	meddelt	_	_	O	
35-5	,	_	_	O	
35-6	at	_	_	O	
35-7	Brøndby	_	_	O	
35-8	har	_	_	O	
35-9	købt	_	_	O	
35-10	den	_	_	O	
35-11	svenske	_	_	O	
35-12	landsholdsspiller	_	_	O	
35-13	Mikael	_	_	O	
35-14	Nilsson	_	_	O	
35-15	,	_	_	O	
35-16	som	_	_	O	
35-17	i	_	_	O	
35-18	næste	_	_	O	
35-19	sæson	_	_	O	
35-20	måske	_	_	O	
35-21	kan	_	_	O	
35-22	tage	_	_	O	
35-23	en	_	_	O	
35-24	plads	_	_	O	
35-25	fra	_	_	O	
35-26	talentfulde	_	_	O	
35-27	unge	_	_	O	
35-28	danske	_	_	O	
35-29	spillere	_	_	O	
35-30	som	_	_	O	
35-31	Daniel	_	_	O	
35-32	Wass	_	_	O	
35-33	og	_	_	O	
35-34	Anders	_	_	O	
35-35	Randrup	_	_	O	
35-36	,	_	_	O	
35-37	der	_	_	O	
35-38	har	_	_	O	
35-39	deltes	_	_	O	
35-40	om	_	_	O	
35-41	højrebackpositionen	_	_	O	
35-42	.	_	_	O	

#id=36
#text= Den for tiden skadede stopper Remco van der Schaaf var der også, og nu er Ousman Jallow ved at tage Morten ' Duncan' Rasmussens plads.
36-1	Den	_	_	O	
36-2	for	_	_	O	
36-3	tiden	_	_	O	
36-4	skadede	_	_	O	
36-5	stopper	_	_	O	
36-6	Remco	_	_	O	
36-7	van	_	_	O	
36-8	der	_	_	O	
36-9	Schaaf	_	_	O	
36-10	var	_	_	O	
36-11	der	_	_	O	
36-12	også	_	_	O	
36-13	,	_	_	O	
36-14	og	_	_	O	
36-15	nu	_	_	O	
36-16	er	_	_	O	
36-17	Ousman	_	NP:siu#:--:----	O	
36-18	Jallow	_	_	O	
36-19	ved	_	_	O	
36-20	at	_	_	O	
36-21	tage	_	_	O	
36-22	Morten	_	_	O	
36-23	'	_	_	O	
36-24	Duncan	_	_	O	
36-25	'	_	_	O	
36-26	Rasmussens	_	_	O	
36-27	plads	_	_	O	
36-28	.	_	_	O	

#id=37
#text= Det er ikke førtidspensionister og kontanthjælpsmodtagere, der optager mest plads i landets fitnesscentre.
37-1	Det	_	_	O	
37-2	er	_	_	O	
37-3	ikke	_	_	O	
37-4	førtidspensionister	_	_	O	
37-5	og	_	_	O	
37-6	kontanthjælpsmodtagere	_	_	O	
37-7	,	_	_	O	
37-8	der	_	_	O	
37-9	optager	_	_	O	
37-10	mest	_	_	O	
37-11	plads	_	_	O	
37-12	i	_	_	O	
37-13	landets	_	_	O	
37-14	fitnesscentre	_	_	O	
37-15	.	_	_	O	

#id=38
#text=Kampen om de 543 pladser i det indiske parlament, Lok Sabha, bliver skudt i gang på torsdag og løber over 5 afstemningsdage frem til 13.
38-1	Kampen	_	_	O	
38-2	om	_	_	O	
38-3	de	_	_	O	
38-4	543	_	_	O	
38-5	pladser	_	_	O	
38-6	i	_	_	O	
38-7	det	_	_	O	
38-8	indiske	_	_	O	
38-9	parlament	_	_	O	
38-10	,	_	_	O	
38-11	Lok	_	_	O	
38-12	Sabha	_	_	O	
38-13	,	_	_	O	
38-14	bliver	_	_	O	
38-15	skudt	_	_	O	
38-16	i	_	_	O	
38-17	gang	_	_	O	
38-18	på	_	_	O	
38-19	torsdag	_	_	O	
38-20	og	_	_	O	
38-21	løber	_	_	O	
38-22	over	_	_	O	
38-23	5	_	_	O	
38-24	afstemningsdage	_	_	O	
38-25	frem	_	_	O	
38-26	til	_	_	O	
38-27	13	_	_	O	
38-28	.	_	_	O	

#id=39
#text="Sultestrejker har ingen plads i demokratiets logik og dynamik.
39-1	"	_	_	O	
39-2	Sultestrejker	_	_	O	
39-3	har	_	_	O	
39-4	ingen	_	_	O	
39-5	plads	_	_	O	
39-6	i	_	_	O	
39-7	demokratiets	_	_	O	
39-8	logik	_	_	O	
39-9	og	_	_	O	
39-10	dynamik	_	_	O	
39-11	.	_	_	O	

#id=40
#text= 10) og canadieren Aleksandra  Wozniak (nr. 35) med russeren som storfavorit til en plads i dagens slutkamp.
40-1	10	_	_	O	
40-2	)	_	_	O	
40-3	og	_	_	O	
40-4	canadieren	_	_	O	
40-5	Aleksandra	_	_	O	
40-6	Wozniak	_	_	O	
40-7	(	_	_	O	
40-8	nr	_	_	O	
40-9	.	_	_	O	
40-10	35	_	_	O	
40-11	)	_	_	O	
40-12	med	_	_	O	
40-13	russeren	_	_	O	
40-14	som	_	_	O	
40-15	storfavorit	_	_	O	
40-16	til	_	_	O	
40-17	en	_	_	O	
40-18	plads	_	_	O	
40-19	i	_	_	O	
40-20	dagens	_	_	O	
40-21	slutkamp	_	_	O	
40-22	.	_	_	O	

#id=41
#text= Samtidig er der udsigt til en plads i startopstillingen i søndagens kamp.
41-1	Samtidig	_	_	O	
41-2	er	_	_	O	
41-3	der	_	_	O	
41-4	udsigt	_	_	O	
41-5	til	_	_	O	
41-6	en	_	_	O	
41-7	plads	_	_	O	
41-8	i	_	_	O	
41-9	startopstillingen	_	_	O	
41-10	i	_	_	O	
41-11	søndagens	_	_	O	
41-12	kamp	_	_	O	
41-13	.	_	_	O	

#id=42
#text= Huset er på 250 kvadratmeter med plads til venner og familie, når de vælger at komme på besøg på Sicilien.
42-1	Huset	_	_	O	
42-2	er	_	_	O	
42-3	på	_	_	O	
42-4	250	_	_	O	
42-5	kvadratmeter	_	_	O	
42-6	med	_	_	O	
42-7	plads	_	_	O	
42-8	til	_	_	O	
42-9	venner	_	_	O	
42-10	og	_	_	O	
42-11	familie	_	_	O	
42-12	,	_	_	O	
42-13	når	_	_	O	
42-14	de	_	_	O	
42-15	vælger	_	_	O	
42-16	at	_	_	O	
42-17	komme	_	_	O	
42-18	på	_	_	O	
42-19	besøg	_	_	O	
42-20	på	_	_	O	
42-21	Sicilien	_	_	O	
42-22	.	_	_	O	

#id=43
#text= Det er dog vigtigt for os at have plads til vores gæster.
43-1	Det	_	_	O	
43-2	er	_	_	O	
43-3	dog	_	_	O	
43-4	vigtigt	_	_	O	
43-5	for	_	_	O	
43-6	os	_	_	O	
43-7	at	_	_	O	
43-8	have	_	_	O	
43-9	plads	_	_	O	
43-10	til	_	_	O	
43-11	vores	_	_	O	
43-12	gæster	_	_	O	
43-13	.	_	_	O	

#id=44
#text= Feltets tredje stormester, Lars Schandorff, er på 3.-pladsen med 5 point.
44-1	Feltets	_	_	O	
44-2	tredje	_	_	O	
44-3	stormester	_	_	O	
44-4	,	_	_	O	
44-5	Lars	_	_	O	
44-6	Schandorff	_	_	O	
44-7	,	_	_	O	
44-8	er	_	_	O	
44-9	på	_	_	O	
44-10	3	_	_	O	
44-11	.	_	_	O	
44-12	-	_	_	O	
44-13	pladsen	_	_	O	
44-14	med	_	_	O	
44-15	5	_	_	O	
44-16	point	_	_	O	
44-17	.	_	_	O	

#id=45
#text=I sin første optræden på den  legendariske Augusta National forbedrede Søren Kjeldsen sig ellers med fem slag fra første til anden runde, men runderne i 76 og 71 slag var to slag for mange og rakta til en 58.-plads.
45-1	I	_	_	O	
45-2	sin	_	_	O	
45-3	første	_	_	O	
45-4	optræden	_	_	O	
45-5	på	_	_	O	
45-6	den	_	_	O	
45-7	legendariske	_	_	O	
45-8	Augusta	_	_	O	
45-9	National	_	_	O	
45-10	forbedrede	_	_	O	
45-11	Søren	_	_	O	
45-12	Kjeldsen	_	_	O	
45-13	sig	_	_	O	
45-14	ellers	_	_	O	
45-15	med	_	_	O	
45-16	fem	_	_	O	
45-17	slag	_	_	O	
45-18	fra	_	_	O	
45-19	første	_	_	O	
45-20	til	_	_	O	
45-21	anden	_	_	O	
45-22	runde	_	_	O	
45-23	,	_	_	O	
45-24	men	_	_	O	
45-25	runderne	_	_	O	
45-26	i	_	_	O	
45-27	76	_	_	O	
45-28	og	_	_	O	
45-29	71	_	_	O	
45-30	slag	_	_	O	
45-31	var	_	_	O	
45-32	to	_	_	O	
45-33	slag	_	_	O	
45-34	for	_	_	O	
45-35	mange	_	_	O	
45-36	og	_	_	O	
45-37	rakta	_	_	O	
45-38	til	_	_	O	
45-39	en	_	_	O	
45-40	58	_	_	O	
45-41	.	_	_	O	
45-42	-	_	_	O	
45-43	plads	_	_	O	
45-44	.	_	_	O	

#id=46
#text=plads.
46-1	plads	_	_	O	
46-2	.	_	_	O	

#id=47
#text= S.', har ellers mest modtaget lunkne anmeldelser, men et kig længere ned ad hitlisten viser, at Flo Ridas navn kiler sig ind fire gange på de 65 øverste pladser.
47-1	S	_	_	O	
47-2	.	_	_	O	
47-3	'	_	_	O	
47-4	,	,	ZD	O	
47-5	har	_	_	O	
47-6	ellers	_	_	O	
47-7	mest	_	_	O	
47-8	modtaget	_	_	O	
47-9	lunkne	_	_	O	
47-10	anmeldelser	_	_	O	
47-11	,	_	_	O	
47-12	men	_	_	O	
47-13	et	_	_	O	
47-14	kig	_	_	O	
47-15	længere	_	_	O	
47-16	ned	_	_	O	
47-17	ad	_	_	O	
47-18	hitlisten	_	_	O	
47-19	viser	_	_	O	
47-20	,	_	_	O	
47-21	at	_	_	O	
47-22	Flo	_	_	O	
47-23	Ridas	_	_	O	
47-24	navn	_	_	O	
47-25	kiler	_	_	O	
47-26	sig	_	_	O	
47-27	ind	_	_	O	
47-28	fire	_	_	O	
47-29	gange	_	_	O	
47-30	på	_	_	O	
47-31	de	_	_	O	
47-32	65	_	_	O	
47-33	øverste	_	_	O	
47-34	pladser	_	_	O	
47-35	.	_	_	O	

#id=48
#text= Otte pladser er optaget af musikere fra den anden side af Atlanten, og kun Noisette på andenpladsen og så electropop-duoen med det franske navn La Roux mænger sig med de amerikanske gæster.
48-1	Otte	_	_	O	
48-2	pladser	_	_	O	
48-3	er	_	_	O	
48-4	optaget	_	_	O	
48-5	af	_	_	O	
48-6	musikere	_	_	O	
48-7	fra	_	_	O	
48-8	den	_	_	O	
48-9	anden	_	_	O	
48-10	side	_	_	O	
48-11	af	_	_	O	
48-12	Atlanten	_	_	O	
48-13	,	_	_	O	
48-14	og	_	_	O	
48-15	kun	_	_	O	
48-16	Noisette	_	_	O	
48-17	på	_	_	O	
48-18	andenpladsen	_	_	O	
48-19	og	_	_	O	
48-20	så	_	_	O	
48-21	electropop	_	_	O	
48-22	-	_	_	O	
48-23	duoen	_	_	O	
48-24	med	_	_	O	
48-25	det	_	_	O	
48-26	franske	_	_	O	
48-27	navn	_	_	O	
48-28	La	_	_	O	
48-29	Roux	_	_	O	
48-30	mænger	_	_	O	
48-31	sig	_	_	O	
48-32	med	_	_	O	
48-33	de	_	_	O	
48-34	amerikanske	_	_	O	
48-35	gæster	_	_	O	
48-36	.	_	_	O	

#id=49
#text= Alle pladser er siddepladser.
49-1	Alle	_	_	O	
49-2	pladser	_	_	O	
49-3	er	_	_	O	
49-4	siddepladser	_	_	O	
49-5	.	_	_	O	

#id=50
#text= Rio har også et af verdens største fodboldstadioner, Maracana (ca. 100.000 pladser), der fungerer som hjemmebane for klubberne Flamengo, Botafogo og Fluminense.
50-1	Rio	_	_	O	
50-2	har	_	_	O	
50-3	også	_	_	O	
50-4	et	_	_	O	
50-5	af	_	_	O	
50-6	verdens	_	_	O	
50-7	største	_	_	O	
50-8	fodboldstadioner	_	_	O	
50-9	,	_	_	O	
50-10	Maracana	_	_	O	
50-11	(	_	_	O	
50-12	ca	_	_	O	
50-13	.	_	_	O	
50-14	100	_	_	O	
50-15	.	_	_	O	
50-16	000	_	_	O	
50-17	pladser	_	_	O	
50-18	)	_	_	O	
50-19	,	_	_	O	
50-20	der	_	_	O	
50-21	fungerer	_	_	O	
50-22	som	_	_	O	
50-23	hjemmebane	_	_	O	
50-24	for	_	_	O	
50-25	klubberne	_	_	O	
50-26	Flamengo	_	_	O	
50-27	,	_	_	O	
50-28	Botafogo	_	_	O	
50-29	og	_	_	O	
50-30	Fluminense	_	_	O	
50-31	.	_	_	O	

#id=51
#text= Efter osten og mere af chiantien er der kun plads til en caffè, og så selvfølgelig den stærke amaro, som værten byder på.
51-1	Efter	_	_	O	
51-2	osten	_	_	O	
51-3	og	_	_	O	
51-4	mere	_	_	O	
51-5	af	_	_	O	
51-6	chiantien	_	_	O	
51-7	er	_	_	O	
51-8	der	_	_	O	
51-9	kun	_	_	O	
51-10	plads	_	_	O	
51-11	til	_	_	O	
51-12	en	_	_	O	
51-13	caffè	_	_	O	
51-14	,	_	_	O	
51-15	og	_	_	O	
51-16	så	_	_	O	
51-17	selvfølgelig	_	_	O	
51-18	den	_	_	O	
51-19	stærke	_	_	O	
51-20	amaro	_	_	O	
51-21	,	_	_	O	
51-22	som	_	_	O	
51-23	værten	_	_	O	
51-24	byder	_	_	O	
51-25	på	_	_	O	
51-26	.	_	_	O	

#id=52
#text=Charlotte og Henriks lille restaurant med bare 16 pladser er en gourmetrestaurant, der kan måle sig med de bedste.
52-1	Charlotte	_	_	O	
52-2	og	_	_	O	
52-3	Henriks	_	_	O	
52-4	lille	_	_	O	
52-5	restaurant	_	_	O	
52-6	med	_	_	O	
52-7	bare	_	_	O	
52-8	16	_	_	O	
52-9	pladser	_	_	O	
52-10	er	_	_	O	
52-11	en	_	_	O	
52-12	gourmetrestaurant	_	_	O	
52-13	,	_	_	O	
52-14	der	_	_	O	
52-15	kan	_	_	O	
52-16	måle	_	_	O	
52-17	sig	_	_	O	
52-18	med	_	_	O	
52-19	de	_	_	O	
52-20	bedste	_	_	O	
52-21	.	_	_	O	

#id=53
#text= Det sidste gælder dog kun, hvis der er ledige pladser.
53-1	Det	_	_	O	
53-2	sidste	_	_	O	
53-3	gælder	_	_	O	
53-4	dog	_	_	O	
53-5	kun	_	_	O	
53-6	,	_	_	O	
53-7	hvis	_	_	O	
53-8	der	_	_	O	
53-9	er	_	_	O	
53-10	ledige	_	_	O	
53-11	pladser	_	_	O	
53-12	.	_	_	O	

#id=54
#text=Der kan nu også sagtens komme bøder med posten, selv om forsyndelsen er foregået i et land, der endnu ikke har aftalerne på plads.
54-1	Der	_	_	O	
54-2	kan	_	_	O	
54-3	nu	_	_	O	
54-4	også	_	_	O	
54-5	sagtens	_	_	O	
54-6	komme	_	_	O	
54-7	bøder	_	_	O	
54-8	med	_	_	O	
54-9	posten	_	_	O	
54-10	,	_	_	O	
54-11	selv	_	_	O	
54-12	om	_	_	O	
54-13	forsyndelsen	_	_	O	
54-14	er	_	_	O	
54-15	foregået	_	_	O	
54-16	i	_	_	O	
54-17	et	_	_	O	
54-18	land	_	_	O	
54-19	,	_	_	O	
54-20	der	_	_	O	
54-21	endnu	_	_	O	
54-22	ikke	_	_	O	
54-23	har	_	_	O	
54-24	aftalerne	_	_	O	
54-25	på	_	_	O	
54-26	plads	_	_	O	
54-27	.	_	_	O	

#id=55
#text=Hverken selskaber fra Europa eller Nordamerika fik plads på  topti listen i årets Skytraxundersøgelse.
55-1	Hverken	_	_	O	
55-2	selskaber	_	_	O	
55-3	fra	_	_	O	
55-4	Europa	_	_	O	
55-5	eller	_	_	O	
55-6	Nordamerika	_	_	O	
55-7	fik	_	_	O	
55-8	plads	_	_	O	
55-9	på	_	_	O	
55-10	topti	_	_	O	
55-11	listen	_	_	O	
55-12	i	_	_	O	
55-13	årets	_	_	O	
55-14	Skytraxundersøgelse	_	_	O	
55-15	.	_	_	O	

#id=56
#text= "Selv om hun er blevet et symbol på kultur, er det chokerende, hvor vedholdende Austen demonstrerer sit ubehag ved sin kulturelle arv, især hendes utilfredshed med den snævre plads, der er tildelt kvinden i patriarkatet".
56-1	"	_	_	O	
56-2	Selv	_	_	O	
56-3	om	_	_	O	
56-4	hun	_	_	O	
56-5	er	_	_	O	
56-6	blevet	_	_	O	
56-7	et	_	_	O	
56-8	symbol	_	_	O	
56-9	på	_	_	O	
56-10	kultur	_	_	O	
56-11	,	_	_	O	
56-12	er	_	_	O	
56-13	det	_	_	O	
56-14	chokerende	_	_	O	
56-15	,	_	_	O	
56-16	hvor	_	_	O	
56-17	vedholdende	_	_	O	
56-18	Austen	_	_	O	
56-19	demonstrerer	_	_	O	
56-20	sit	_	_	O	
56-21	ubehag	_	_	O	
56-22	ved	_	_	O	
56-23	sin	_	_	O	
56-24	kulturelle	_	_	O	
56-25	arv	_	_	O	
56-26	,	_	_	O	
56-27	især	_	_	O	
56-28	hendes	_	_	O	
56-29	utilfredshed	_	_	O	
56-30	med	_	_	O	
56-31	den	_	_	O	
56-32	snævre	_	_	O	
56-33	plads	_	_	O	
56-34	,	_	_	O	
56-35	der	_	_	O	
56-36	er	_	_	O	
56-37	tildelt	_	_	O	
56-38	kvinden	_	_	O	
56-39	i	_	_	O	
56-40	patriarkatet	_	_	O	
56-41	"	_	_	O	
56-42	.	_	_	O	

#id=57
#text= "I en periode hvor al social kritik, især den, som rettede sig mod familieinstitutionen i almindelighed og kvindens plads i særdeleshed, blev kædet sammen med den radikale sag, forsvarede og udvidede Austen et progressivt  midterområde, som ellers havde været borttæret af de polariserende polemikker, der havde deres udspring i 1790' erne".
57-1	"	_	_	O	
57-2	I	_	_	O	
57-3	en	_	_	O	
57-4	periode	_	_	O	
57-5	hvor	_	_	O	
57-6	al	_	_	O	
57-7	social	_	_	O	
57-8	kritik	_	_	O	
57-9	,	_	_	O	
57-10	især	_	_	O	
57-11	den	_	_	O	
57-12	,	_	_	O	
57-13	som	_	_	O	
57-14	rettede	_	_	O	
57-15	sig	_	_	O	
57-16	mod	_	_	O	
57-17	familieinstitutionen	_	_	O	
57-18	i	_	_	O	
57-19	almindelighed	_	_	O	
57-20	og	_	_	O	
57-21	kvindens	_	_	O	
57-22	plads	_	_	O	
57-23	i	_	_	O	
57-24	særdeleshed	_	_	O	
57-25	,	_	_	O	
57-26	blev	_	_	O	
57-27	kædet	_	_	O	
57-28	sammen	_	_	O	
57-29	med	_	_	O	
57-30	den	_	_	O	
57-31	radikale	_	_	O	
57-32	sag	_	_	O	
57-33	,	_	_	O	
57-34	forsvarede	_	_	O	
57-35	og	_	_	O	
57-36	udvidede	_	_	O	
57-37	Austen	_	_	O	
57-38	et	_	_	O	
57-39	progressivt	_	_	O	
57-40	midterområde	_	_	O	
57-41	,	_	_	O	
57-42	som	_	_	O	
57-43	ellers	_	_	O	
57-44	havde	_	_	O	
57-45	været	_	_	O	
57-46	borttæret	_	_	O	
57-47	af	_	_	O	
57-48	de	_	_	O	
57-49	polariserende	_	_	O	
57-50	polemikker	_	_	O	
57-51	,	_	_	O	
57-52	der	_	_	O	
57-53	havde	_	_	O	
57-54	deres	_	_	O	
57-55	udspring	_	_	O	
57-56	i	_	_	O	
57-57	1790	_	_	O	
57-58	'	_	_	O	
57-59	erne	_	_	O	
57-60	"	_	_	O	
57-61	.	_	_	O	

#id=58
#text= Men på grund af hans indiskutable plads på parnasset i dag vil et værk fra Banksys hånd kræve, at muren, hvorpå det er malet, bliver fredet.
58-1	Men	_	_	O	
58-2	på	_	_	O	
58-3	grund	_	_	O	
58-4	af	_	_	O	
58-5	hans	_	_	O	
58-6	indiskutable	_	_	O	
58-7	plads	_	_	O	
58-8	på	_	_	O	
58-9	parnasset	_	_	O	
58-10	i	_	_	O	
58-11	dag	_	_	O	
58-12	vil	_	_	O	
58-13	et	_	_	O	
58-14	værk	_	_	O	
58-15	fra	_	_	O	
58-16	Banksys	_	_	O	
58-17	hånd	_	_	O	
58-18	kræve	_	_	O	
58-19	,	_	_	O	
58-20	at	_	_	O	
58-21	muren	_	_	O	
58-22	,	_	_	O	
58-23	hvorpå	_	_	O	
58-24	det	_	_	O	
58-25	er	_	_	O	
58-26	malet	_	_	O	
58-27	,	_	_	O	
58-28	bliver	_	_	O	
58-29	fredet	_	_	O	
58-30	.	_	_	O	

#id=59
#text= Kampen for kunsten må kunstnerne ikke vende ind mod sig selv, men  føre ude i den virkelige verden, hvor kunsten har sin plads og sine vilkår.
59-1	Kampen	_	_	O	
59-2	for	_	_	O	
59-3	kunsten	_	_	O	
59-4	må	_	_	O	
59-5	kunstnerne	_	_	O	
59-6	ikke	_	_	O	
59-7	vende	_	_	O	
59-8	ind	_	_	O	
59-9	mod	_	_	O	
59-10	sig	_	_	O	
59-11	selv	_	_	O	
59-12	,	_	_	O	
59-13	men	_	_	O	
59-14	føre	_	_	O	
59-15	ude	_	_	O	
59-16	i	_	_	O	
59-17	den	_	_	O	
59-18	virkelige	_	_	O	
59-19	verden	_	_	O	
59-20	,	_	_	O	
59-21	hvor	_	_	O	
59-22	kunsten	_	_	O	
59-23	har	_	_	O	
59-24	sin	_	_	O	
59-25	plads	_	_	O	
59-26	og	_	_	O	
59-27	sine	_	_	O	
59-28	vilkår	_	_	O	
59-29	.	_	_	O	

#id=60
#text= Selv om pladsen er fornuftigt  udnyttet indvendigt, føles den meget trang, lige da vi - to velvoksne testkørere - sætter os ind på forsæderne.
60-1	Selv	_	_	O	
60-2	om	_	_	O	
60-3	pladsen	_	_	O	
60-4	er	_	_	O	
60-5	fornuftigt	_	_	O	
60-6	udnyttet	_	_	O	
60-7	indvendigt	_	_	O	
60-8	,	_	_	O	
60-9	føles	_	_	O	
60-10	den	_	_	O	
60-11	meget	_	_	O	
60-12	trang	_	_	O	
60-13	,	_	_	O	
60-14	lige	_	_	O	
60-15	da	_	_	O	
60-16	vi	_	_	O	
60-17	-	_	_	O	
60-18	to	_	_	O	
60-19	velvoksne	_	_	O	
60-20	testkørere	_	_	O	
60-21	-	_	_	O	
60-22	sætter	_	_	O	
60-23	os	_	_	O	
60-24	ind	_	_	O	
60-25	på	_	_	O	
60-26	forsæderne	_	_	O	
60-27	.	_	_	O	

#id=61
#text= Center for Trafik under Københavns Kommune oplyser, at ændringen er sket for at give plads til den elektriske citybus, der skal fragte beboere og turister på tværs af middelalderbyen.
61-1	Center	_	_	O	
61-2	for	_	_	O	
61-3	Trafik	_	_	O	
61-4	under	_	_	O	
61-5	Københavns	_	_	O	
61-6	Kommune	_	_	O	
61-7	oplyser	_	_	O	
61-8	,	_	_	O	
61-9	at	_	_	O	
61-10	ændringen	_	_	O	
61-11	er	_	_	O	
61-12	sket	_	_	O	
61-13	for	_	_	O	
61-14	at	_	_	O	
61-15	give	_	_	O	
61-16	plads	_	_	O	
61-17	til	_	_	O	
61-18	den	_	_	O	
61-19	elektriske	_	_	O	
61-20	citybus	_	_	O	
61-21	,	_	_	O	
61-22	der	_	_	O	
61-23	skal	_	_	O	
61-24	fragte	_	_	O	
61-25	beboere	_	_	O	
61-26	og	_	_	O	
61-27	turister	_	_	O	
61-28	på	_	_	O	
61-29	tværs	_	_	O	
61-30	af	_	_	O	
61-31	middelalderbyen	_	_	O	
61-32	.	_	_	O	

#id=62
#text=Vi smed en voksen mand på 1,90 meter om på bagsædet og fik tilbagemeldinger om overraskende god plads - både til benene og over hovedhøjde.
62-1	Vi	_	_	O	
62-2	smed	_	_	O	
62-3	en	_	_	O	
62-4	voksen	_	_	O	
62-5	mand	_	_	O	
62-6	på	_	_	O	
62-7	1	_	_	O	
62-8	,	_	_	O	
62-9	90	_	_	O	
62-10	meter	_	_	O	
62-11	om	_	_	O	
62-12	på	_	_	O	
62-13	bagsædet	_	_	O	
62-14	og	_	_	O	
62-15	fik	_	_	O	
62-16	tilbagemeldinger	_	_	O	
62-17	om	_	_	O	
62-18	overraskende	_	_	O	
62-19	god	_	_	O	
62-20	plads	_	_	O	
62-21	-	_	_	O	
62-22	både	_	_	O	
62-23	til	_	_	O	
62-24	benene	_	_	O	
62-25	og	_	_	O	
62-26	over	_	_	O	
62-27	hovedhøjde	_	_	O	
62-28	.	_	_	O	

#id=63
#text= Vil man have mere plads, kan splitbagsædet klappes sammen.
63-1	Vil	_	_	O	
63-2	man	_	_	O	
63-3	have	_	_	O	
63-4	mere	_	_	O	
63-5	plads	_	_	O	
63-6	,	_	_	O	
63-7	kan	_	_	O	
63-8	splitbagsædet	_	_	O	
63-9	klappes	_	_	O	
63-10	sammen	_	_	O	
63-11	.	_	_	O	

#id=64
#text=Det rokker dog ikke ved hovedindtrykket af Mitsubishi Colt som en vaks og nøjsom bil med pæn plads til fire personer.
64-1	Det	_	_	O	
64-2	rokker	_	_	O	
64-3	dog	_	_	O	
64-4	ikke	_	_	O	
64-5	ved	_	_	O	
64-6	hovedindtrykket	_	_	O	
64-7	af	_	_	O	
64-8	Mitsubishi	_	_	O	
64-9	Colt	_	_	O	
64-10	som	_	_	O	
64-11	en	_	_	O	
64-12	vaks	_	_	O	
64-13	og	_	_	O	
64-14	nøjsom	_	_	O	
64-15	bil	_	_	O	
64-16	med	_	_	O	
64-17	pæn	_	_	O	
64-18	plads	_	_	O	
64-19	til	_	_	O	
64-20	fire	_	_	O	
64-21	personer	_	_	O	
64-22	.	_	_	O	

#id=65
#text= Havde der været plads - og nerver - til at presse bilen yderligere, ville ESP-systemet blot have grebet ind og fået bilen tilbage på sporet igen.
65-1	Havde	_	_	O	
65-2	der	_	_	O	
65-3	været	_	_	O	
65-4	plads	_	_	O	
65-5	-	_	_	O	
65-6	og	_	_	O	
65-7	nerver	_	_	O	
65-8	-	_	_	O	
65-9	til	_	_	O	
65-10	at	_	_	O	
65-11	presse	_	_	O	
65-12	bilen	_	_	O	
65-13	yderligere	_	_	O	
65-14	,	_	_	O	
65-15	ville	_	_	O	
65-16	ESP	_	_	O	
65-17	-	_	_	O	
65-18	systemet	_	_	O	
65-19	blot	_	_	O	
65-20	have	_	_	O	
65-21	grebet	_	_	O	
65-22	ind	_	_	O	
65-23	og	_	_	O	
65-24	fået	_	_	O	
65-25	bilen	_	_	O	
65-26	tilbage	_	_	O	
65-27	på	_	_	O	
65-28	sporet	_	_	O	
65-29	igen	_	_	O	
65-30	.	_	_	O	

#id=66
#text=Selv om vi danskere med årene har fået stadig flere boligkvadratmeter per person, har de fleste af os jævnlig følelsen af at mangle plads.
66-1	Selv	_	_	O	
66-2	om	_	_	O	
66-3	vi	_	_	O	
66-4	danskere	_	_	O	
66-5	med	_	_	O	
66-6	årene	_	_	O	
66-7	har	_	_	O	
66-8	fået	_	_	O	
66-9	stadig	_	_	O	
66-10	flere	_	_	O	
66-11	boligkvadratmeter	_	_	O	
66-12	per	_	_	O	
66-13	person	_	_	O	
66-14	,	_	_	O	
66-15	har	_	_	O	
66-16	de	_	_	O	
66-17	fleste	_	_	O	
66-18	af	_	_	O	
66-19	os	_	_	O	
66-20	jævnlig	_	_	O	
66-21	følelsen	_	_	O	
66-22	af	_	_	O	
66-23	at	_	_	O	
66-24	mangle	_	_	O	
66-25	plads	_	_	O	
66-26	.	_	_	O	

#id=67
#text=Vores behov for plads er vokset med det generelle velstandsniveau i samfundet.
67-1	Vores	_	_	O	
67-2	behov	_	_	O	
67-3	for	_	_	O	
67-4	plads	_	_	O	
67-5	er	_	_	O	
67-6	vokset	_	_	O	
67-7	med	_	_	O	
67-8	det	_	_	O	
67-9	generelle	_	_	O	
67-10	velstandsniveau	_	_	O	
67-11	i	_	_	O	
67-12	samfundet	_	_	O	
67-13	.	_	_	O	

#id=68
#text=For dem, der mangler plads, men ikke har mulighed for eller lyst til hverken at flytte eller kaste sig ud i et større byggeprojekt, er der måske alligevel en løsning.
68-1	For	_	_	O	
68-2	dem	_	_	O	
68-3	,	_	_	O	
68-4	der	_	_	O	
68-5	mangler	_	_	O	
68-6	plads	_	_	O	
68-7	,	_	_	O	
68-8	men	_	_	O	
68-9	ikke	_	_	O	
68-10	har	_	_	O	
68-11	mulighed	_	_	O	
68-12	for	_	_	O	
68-13	eller	_	_	O	
68-14	lyst	_	_	O	
68-15	til	_	_	O	
68-16	hverken	_	_	O	
68-17	at	_	_	O	
68-18	flytte	_	_	O	
68-19	eller	_	_	O	
68-20	kaste	_	_	O	
68-21	sig	_	_	O	
68-22	ud	_	_	O	
68-23	i	_	_	O	
68-24	et	_	_	O	
68-25	større	_	_	O	
68-26	byggeprojekt	_	_	O	
68-27	,	_	_	O	
68-28	er	_	_	O	
68-29	der	_	_	O	
68-30	måske	_	_	O	
68-31	alligevel	_	_	O	
68-32	en	_	_	O	
68-33	løsning	_	_	O	
68-34	.	_	_	O	

#id=69
#text= Ved at ændre på boligens indmad kan man nemlig ofte få fornemmelsen af meget mere plads inden for de eksisterende rammer.
69-1	Ved	_	_	O	
69-2	at	_	_	O	
69-3	ændre	_	_	O	
69-4	på	_	_	O	
69-5	boligens	_	_	O	
69-6	indmad	_	_	O	
69-7	kan	_	_	O	
69-8	man	_	_	O	
69-9	nemlig	_	_	O	
69-10	ofte	_	_	O	
69-11	få	_	_	O	
69-12	fornemmelsen	_	_	O	
69-13	af	_	_	O	
69-14	meget	_	_	O	
69-15	mere	_	_	O	
69-16	plads	_	_	O	
69-17	inden	_	_	O	
69-18	for	_	_	O	
69-19	de	_	_	O	
69-20	eksisterende	_	_	O	
69-21	rammer	_	_	O	
69-22	.	_	_	O	

#id=70
#text= Det påpeger arkitekt Solveig Laugesen fra firmaet Rum3, som har specialiseret sig i at indrette boliger, så pladsen udnyttes optimalt.
70-1	Det	_	_	O	
70-2	påpeger	_	_	O	
70-3	arkitekt	_	_	O	
70-4	Solveig	_	_	O	
70-5	Laugesen	_	_	O	
70-6	fra	_	_	O	
70-7	firmaet	_	_	O	
70-8	Rum3	_	_	O	
70-9	,	_	_	O	
70-10	som	_	_	O	
70-11	har	_	_	O	
70-12	specialiseret	_	_	O	
70-13	sig	_	_	O	
70-14	i	_	_	O	
70-15	at	_	_	O	
70-16	indrette	_	_	O	
70-17	boliger	_	_	O	
70-18	,	_	_	O	
70-19	så	_	_	O	
70-20	pladsen	_	_	O	
70-21	udnyttes	_	_	O	
70-22	optimalt	_	_	O	
70-23	.	_	_	O	

#id=71
#text="Gangen er noget af det, der optager rigtig meget plads i mange ældre lejligheder og huse.
71-1	"	_	_	O	
71-2	Gangen	_	_	O	
71-3	er	_	_	O	
71-4	noget	_	_	O	
71-5	af	_	_	O	
71-6	det	_	_	O	
71-7	,	_	_	O	
71-8	der	_	_	O	
71-9	optager	_	_	O	
71-10	rigtig	_	_	O	
71-11	meget	_	_	O	
71-12	plads	_	_	O	
71-13	i	_	_	O	
71-14	mange	_	_	O	
71-15	ældre	_	_	O	
71-16	lejligheder	_	_	O	
71-17	og	_	_	O	
71-18	huse	_	_	O	
71-19	.	_	_	O	

#id=72
#text= Der vil typisk være både en bærende og en ikke bærende væg, så hvis man fjerner den sidste, åbner man et rum og får mere plads.
72-1	Der	_	_	O	
72-2	vil	_	_	O	
72-3	typisk	_	_	O	
72-4	være	_	_	O	
72-5	både	_	_	O	
72-6	en	_	_	O	
72-7	bærende	_	_	O	
72-8	og	_	_	O	
72-9	en	_	_	O	
72-10	ikke	_	_	O	
72-11	bærende	_	_	O	
72-12	væg	_	_	O	
72-13	,	_	_	O	
72-14	så	_	_	O	
72-15	hvis	_	_	O	
72-16	man	_	_	O	
72-17	fjerner	_	_	O	
72-18	den	_	_	O	
72-19	sidste	_	_	O	
72-20	,	_	_	O	
72-21	åbner	_	_	O	
72-22	man	_	_	O	
72-23	et	_	_	O	
72-24	rum	_	_	O	
72-25	og	_	_	O	
72-26	får	_	_	O	
72-27	mere	_	_	O	
72-28	plads	_	_	O	
72-29	.	_	_	O	

#id=73
#text=Men for to et halvt år siden blev de tre til fire, og huset føltes pludselig småt, da Helena blev født og krævede sin del af pladsen.
73-1	Men	_	_	O	
73-2	for	_	_	O	
73-3	to	_	_	O	
73-4	et	_	_	O	
73-5	halvt	_	_	O	
73-6	år	_	_	O	
73-7	siden	_	_	O	
73-8	blev	_	_	O	
73-9	de	_	_	O	
73-10	tre	_	_	O	
73-11	til	_	_	O	
73-12	fire	_	_	O	
73-13	,	_	_	O	
73-14	og	_	_	O	
73-15	huset	_	_	O	
73-16	føltes	_	_	O	
73-17	pludselig	_	_	O	
73-18	småt	_	_	O	
73-19	,	_	_	O	
73-20	da	_	_	O	
73-21	Helena	_	_	O	
73-22	blev	_	_	O	
73-23	født	_	_	O	
73-24	og	_	_	O	
73-25	krævede	_	_	O	
73-26	sin	_	_	O	
73-27	del	_	_	O	
73-28	af	_	_	O	
73-29	pladsen	_	_	O	
73-30	.	_	_	O	

#id=74
#text= Den, der begynder, når de kan åbne døren til haven fra stuen, og når ungerne får hver sit værelse på den tidligere udestues plads.
74-1	Den	_	_	O	
74-2	,	_	_	O	
74-3	der	_	_	O	
74-4	begynder	_	_	O	
74-5	,	_	_	O	
74-6	når	_	_	O	
74-7	de	_	_	O	
74-8	kan	_	_	O	
74-9	åbne	_	_	O	
74-10	døren	_	_	O	
74-11	til	_	_	O	
74-12	haven	_	_	O	
74-13	fra	_	_	O	
74-14	stuen	_	_	O	
74-15	,	_	_	O	
74-16	og	_	_	O	
74-17	når	_	_	O	
74-18	ungerne	_	_	O	
74-19	får	_	_	O	
74-20	hver	_	_	O	
74-21	sit	_	_	O	
74-22	værelse	_	_	O	
74-23	på	_	_	O	
74-24	den	_	_	O	
74-25	tidligere	_	_	O	
74-26	udestues	_	_	O	
74-27	plads	_	_	O	
74-28	.	_	_	O	

#id=75
#text=Men nu er vi blevet opmærksomme på, at vi faktisk aldrig bruger stuen, når vi  har gæster, men bliver siddende om spisebordet hele aftenen, da vi synes, der er for lidt plads i stuen.
75-1	Men	_	_	O	
75-2	nu	_	_	O	
75-3	er	_	_	O	
75-4	vi	_	_	O	
75-5	blevet	_	_	O	
75-6	opmærksomme	_	_	O	
75-7	på	_	_	O	
75-8	,	_	_	O	
75-9	at	_	_	O	
75-10	vi	_	_	O	
75-11	faktisk	_	_	O	
75-12	aldrig	_	_	O	
75-13	bruger	_	_	O	
75-14	stuen	_	_	O	
75-15	,	_	_	O	
75-16	når	_	_	O	
75-17	vi	_	_	O	
75-18	har	_	_	O	
75-19	gæster	_	_	O	
75-20	,	_	_	O	
75-21	men	_	_	O	
75-22	bliver	_	_	O	
75-23	siddende	_	_	O	
75-24	om	_	_	O	
75-25	spisebordet	_	_	O	
75-26	hele	_	_	O	
75-27	aftenen	_	_	O	
75-28	,	_	_	O	
75-29	da	_	_	O	
75-30	vi	_	_	O	
75-31	synes	_	_	O	
75-32	,	_	_	O	
75-33	der	_	_	O	
75-34	er	_	_	O	
75-35	for	_	_	O	
75-36	lidt	_	_	O	
75-37	plads	_	_	O	
75-38	i	_	_	O	
75-39	stuen	_	_	O	
75-40	.	_	_	O	

#id=76
#text=I det daglige er vi kun to voksne hjemme, men vi savner en bedre udnyttelse af pladsen, når familien er på besøg, eller vi har gæster.
76-1	I	_	_	O	
76-2	det	_	_	O	
76-3	daglige	_	_	O	
76-4	er	_	_	O	
76-5	vi	_	_	O	
76-6	kun	_	_	O	
76-7	to	_	_	O	
76-8	voksne	_	_	O	
76-9	hjemme	_	_	O	
76-10	,	_	_	O	
76-11	men	_	_	O	
76-12	vi	vi	PP:p-nc:--:-1n-	O	
76-13	savner	_	_	O	
76-14	en	_	_	O	
76-15	bedre	_	_	O	
76-16	udnyttelse	_	_	O	
76-17	af	_	_	O	
76-18	pladsen	_	_	O	
76-19	,	_	_	O	
76-20	når	_	_	O	
76-21	familien	_	_	O	
76-22	er	_	_	O	
76-23	på	_	_	O	
76-24	besøg	_	_	O	
76-25	,	_	_	O	
76-26	eller	_	_	O	
76-27	vi	_	_	O	
76-28	har	_	_	O	
76-29	gæster	_	_	O	
76-30	.	_	_	O	

#id=77
#text= Der er masser af plads, og jeg kommer og underholder dig lidt.
77-1	Der	_	_	O	
77-2	er	_	_	O	
77-3	masser	_	_	O	
77-4	af	_	_	O	
77-5	plads	_	_	O	
77-6	,	_	_	O	
77-7	og	_	_	O	
77-8	jeg	_	_	O	
77-9	kommer	_	_	O	
77-10	og	_	_	O	
77-11	underholder	_	_	O	
77-12	dig	_	_	O	
77-13	lidt	_	_	O	
77-14	.	_	_	O	

#id=78
#text= Det er katten efter musen, men da brikkerne begynder at falde på plads, er det et noget overraskende billede,  der tegner sig.
78-1	Det	_	_	O	
78-2	er	_	_	O	
78-3	katten	_	_	O	
78-4	efter	_	_	O	
78-5	musen	_	_	O	
78-6	,	_	_	O	
78-7	men	_	_	O	
78-8	da	_	_	O	
78-9	brikkerne	_	_	O	
78-10	begynder	_	_	O	
78-11	at	_	_	O	
78-12	falde	_	_	O	
78-13	på	_	_	O	
78-14	plads	_	_	O	
78-15	,	_	_	O	
78-16	er	_	_	O	
78-17	det	_	_	O	
78-18	et	_	_	O	
78-19	noget	_	_	O	
78-20	overraskende	_	_	O	
78-21	billede	_	_	O	
78-22	,	_	_	O	
78-23	der	_	_	O	
78-24	tegner	_	_	O	
78-25	sig	_	_	O	
78-26	.	_	_	O	

#id=79
#text= "Liebermans udtalelser afslører Netanyhu-Lieberman-regeringens sande ansigt, og det internationale samfund burde indføre en  diplomatisk embargo af Israel på samme måde, som man i sin tid gjorde over for Østrigs Jörg Haider", sagde Aghbaria, hvis parti vandt 4 pladser i Knesset ved valget i februar - ikke mindst på grund af enorm vrede blandt Israels arabere og en del jøder på venstrefløjen over Liebermans valgkampagne, der hovedsageligt var bygget på et krav om, at Israels godt 1,4 millioner arabiske statsborgere skal aflægge troskabsløfte til den jødiske stat, hvis de vil beholde deres statsborgerskab.
79-1	"	_	_	O	
79-2	Liebermans	_	_	O	
79-3	udtalelser	_	_	O	
79-4	afslører	_	_	O	
79-5	Netanyhu	_	_	O	
79-6	-	_	_	O	
79-7	Lieberman	_	_	O	
79-8	-	_	_	O	
79-9	regeringens	_	_	O	
79-10	sande	_	_	O	
79-11	ansigt	_	_	O	
79-12	,	_	_	O	
79-13	og	_	_	O	
79-14	det	_	_	O	
79-15	internationale	_	_	O	
79-16	samfund	_	_	O	
79-17	burde	_	_	O	
79-18	indføre	_	_	O	
79-19	en	_	_	O	
79-20	diplomatisk	_	_	O	
79-21	embargo	_	_	O	
79-22	af	_	_	O	
79-23	Israel	_	_	O	
79-24	på	_	_	O	
79-25	samme	_	_	O	
79-26	måde	_	_	O	
79-27	,	_	_	O	
79-28	som	_	_	O	
79-29	man	_	_	O	
79-30	i	_	_	O	
79-31	sin	_	_	O	
79-32	tid	_	_	O	
79-33	gjorde	_	_	O	
79-34	over	_	_	O	
79-35	for	_	_	O	
79-36	Østrigs	_	_	O	
79-37	Jörg	_	_	O	
79-38	Haider	_	_	O	
79-39	"	_	_	O	
79-40	,	_	_	O	
79-41	sagde	_	_	O	
79-42	Aghbaria	_	_	O	
79-43	,	_	_	O	
79-44	hvis	_	_	O	
79-45	parti	_	_	O	
79-46	vandt	_	_	O	
79-47	4	_	_	O	
79-48	pladser	_	_	O	
79-49	i	_	_	O	
79-50	Knesset	_	_	O	
79-51	ved	_	_	O	
79-52	valget	_	_	O	
79-53	i	_	_	O	
79-54	februar	_	_	O	
79-55	-	_	_	O	
79-56	ikke	_	_	O	
79-57	mindst	_	_	O	
79-58	på	_	_	O	
79-59	grund	_	_	O	
79-60	af	_	_	O	
79-61	enorm	_	_	O	
79-62	vrede	_	_	O	
79-63	blandt	_	_	O	
79-64	Israels	_	_	O	
79-65	arabere	_	_	O	
79-66	og	_	_	O	
79-67	en	_	_	O	
79-68	del	_	_	O	
79-69	jøder	_	_	O	
79-70	på	_	_	O	
79-71	venstrefløjen	_	_	O	
79-72	over	_	_	O	
79-73	Liebermans	_	_	O	
79-74	valgkampagne	_	_	O	
79-75	,	_	_	O	
79-76	der	_	_	O	
79-77	hovedsageligt	_	_	O	
79-78	var	_	_	O	
79-79	bygget	_	_	O	
79-80	på	_	_	O	
79-81	et	_	_	O	
79-82	krav	_	_	O	
79-83	om	_	_	O	
79-84	,	_	_	O	
79-85	at	_	_	O	
79-86	Israels	_	_	O	
79-87	godt	_	_	O	
79-88	1	_	_	O	
79-89	,	_	_	O	
79-90	4	_	_	O	
79-91	millioner	_	_	O	
79-92	arabiske	_	_	O	
79-93	statsborgere	_	_	O	
79-94	skal	_	_	O	
79-95	aflægge	_	_	O	
79-96	troskabsløfte	_	_	O	
79-97	til	_	_	O	
79-98	den	_	_	O	
79-99	jødiske	_	_	O	
79-100	stat	_	_	O	
79-101	,	_	_	O	
79-102	hvis	_	_	O	
79-103	de	_	_	O	
79-104	vil	_	_	O	
79-105	beholde	_	_	O	
79-106	deres	_	_	O	
79-107	statsborgerskab	_	_	O	
79-108	.	_	_	O	

#id=80
#text= Vi modtog i denne korte uge 233 indlæg og fik plads til 23 større debatindlæg og 41 mindre læserbreve.
80-1	Vi	_	_	O	
80-2	modtog	_	_	O	
80-3	i	_	_	O	
80-4	denne	_	_	O	
80-5	korte	_	_	O	
80-6	uge	_	_	O	
80-7	233	_	_	O	
80-8	indlæg	_	_	O	
80-9	og	_	_	O	
80-10	fik	_	_	O	
80-11	plads	_	_	O	
80-12	til	_	_	O	
80-13	23	_	_	O	
80-14	større	_	_	O	
80-15	debatindlæg	_	_	O	
80-16	og	_	_	O	
80-17	41	_	_	O	
80-18	mindre	_	_	O	
80-19	læserbreve	_	_	O	
80-20	.	_	_	O	

#id=81
#text= Det er ligegyldigt, om han spiller jazz, kitesurfer, løber Wasa-løbet, sejler eller skal forhandle aftaler på plads", siger Erik Damgaard.
81-1	Det	_	_	O	
81-2	er	_	_	O	
81-3	ligegyldigt	_	_	O	
81-4	,	_	_	O	
81-5	om	_	_	O	
81-6	han	_	_	O	
81-7	spiller	_	_	O	
81-8	jazz	_	_	O	
81-9	,	_	_	O	
81-10	kitesurfer	_	_	O	
81-11	,	_	_	O	
81-12	løber	_	_	O	
81-13	Wasa	_	_	O	
81-14	-	_	_	O	
81-15	løbet	_	_	O	
81-16	,	_	_	O	
81-17	sejler	_	_	O	
81-18	eller	_	_	O	
81-19	skal	_	_	O	
81-20	forhandle	_	_	O	
81-21	aftaler	_	_	O	
81-22	på	_	_	O	
81-23	plads	_	_	O	
81-24	"	_	_	O	
81-25	,	_	_	O	
81-26	siger	_	_	O	
81-27	Erik	_	_	O	
81-28	Damgaard	_	_	O	
81-29	.	_	_	O	

#id=82
#text= God plads i velholdte institutioner er sundest for både børn og personale - og i sidste ende for kommunernes økonomi.
82-1	God	_	_	O	
82-2	plads	_	_	O	
82-3	i	_	_	O	
82-4	velholdte	_	_	O	
82-5	institutioner	_	_	O	
82-6	er	_	_	O	
82-7	sundest	_	_	O	
82-8	for	_	_	O	
82-9	både	_	_	O	
82-10	børn	_	_	O	
82-11	og	_	_	O	
82-12	personale	_	_	O	
82-13	-	_	_	O	
82-14	og	_	_	O	
82-15	i	_	_	O	
82-16	sidste	_	_	O	
82-17	ende	_	_	O	
82-18	for	_	_	O	
82-19	kommunernes	_	_	O	
82-20	økonomi	_	_	O	
82-21	.	_	_	O	

#id=83
#text=Billedet af kvinden, der efter en stribe politiske nederlag meget modvilligt udskifter sin ministerpost om få uger med en plads i det mildt sagt usexede EU-parlament, er rystende læsning.
83-1	Billedet	_	_	O	
83-2	af	_	_	O	
83-3	kvinden	_	_	O	
83-4	,	_	_	O	
83-5	der	_	_	O	
83-6	efter	_	_	O	
83-7	en	_	_	O	
83-8	stribe	_	_	O	
83-9	politiske	_	_	O	
83-10	nederlag	_	_	O	
83-11	meget	_	_	O	
83-12	modvilligt	_	_	O	
83-13	udskifter	_	_	O	
83-14	sin	_	_	O	
83-15	ministerpost	_	_	O	
83-16	om	_	_	O	
83-17	få	_	_	O	
83-18	uger	_	_	O	
83-19	med	_	_	O	
83-20	en	_	_	O	
83-21	plads	_	_	O	
83-22	i	_	_	O	
83-23	det	_	_	O	
83-24	mildt	_	_	O	
83-25	sagt	_	_	O	
83-26	usexede	_	_	O	
83-27	EU	_	_	O	
83-28	-	_	_	O	
83-29	parlament	_	_	O	
83-30	,	_	_	O	
83-31	er	_	_	O	
83-32	rystende	_	_	O	
83-33	læsning	_	_	O	
83-34	.	_	_	O	

#id=84
#text= Hvis et teater sætter en sikker succes op, der kan fylde teateret hele påsken, så er der plads til noget smallere senere på året", forklarer Mikael Woelke.
84-1	Hvis	_	_	O	
84-2	et	_	_	O	
84-3	teater	_	_	O	
84-4	sætter	_	_	O	
84-5	en	_	_	O	
84-6	sikker	_	_	O	
84-7	succes	_	_	O	
84-8	op	_	_	O	
84-9	,	_	_	O	
84-10	der	_	_	O	
84-11	kan	_	_	O	
84-12	fylde	_	_	O	
84-13	teateret	_	_	O	
84-14	hele	_	_	O	
84-15	påsken	_	_	O	
84-16	,	_	_	O	
84-17	så	_	_	O	
84-18	er	_	_	O	
84-19	der	_	_	O	
84-20	plads	_	_	O	
84-21	til	_	_	O	
84-22	noget	_	_	O	
84-23	smallere	_	_	O	
84-24	senere	_	_	O	
84-25	på	_	_	O	
84-26	året	_	_	O	
84-27	"	_	_	O	
84-28	,	,	ZD	O	
84-29	forklarer	_	_	O	
84-30	Mikael	_	_	O	
84-31	Woelke	_	_	O	
84-32	.	_	_	O	

#id=85
#text= Farver og former føder hinanden, forsvinder og genopstår, samtidig med at Sørensen giver god plads til beskueren, for her er ingen naturalistisk fi-guration, der skal afkodes, ingen skjulte budskaber at forholde sig til - eller frygte at overse.
85-1	Farver	_	_	O	
85-2	og	_	_	O	
85-3	former	_	_	O	
85-4	føder	_	_	O	
85-5	hinanden	_	_	O	
85-6	,	_	_	O	
85-7	forsvinder	_	_	O	
85-8	og	_	_	O	
85-9	genopstår	_	_	O	
85-10	,	_	_	O	
85-11	samtidig	_	_	O	
85-12	med	_	_	O	
85-13	at	_	_	O	
85-14	Sørensen	_	_	O	
85-15	giver	_	_	O	
85-16	god	_	_	O	
85-17	plads	_	_	O	
85-18	til	_	_	O	
85-19	beskueren	_	_	O	
85-20	,	_	_	O	
85-21	for	_	_	O	
85-22	her	_	_	O	
85-23	er	_	_	O	
85-24	ingen	_	_	O	
85-25	naturalistisk	_	_	O	
85-26	fi	_	_	O	
85-27	-	_	_	O	
85-28	guration	_	_	O	
85-29	,	_	_	O	
85-30	der	_	_	O	
85-31	skal	_	_	O	
85-32	afkodes	_	_	O	
85-33	,	_	_	O	
85-34	ingen	_	_	O	
85-35	skjulte	_	_	O	
85-36	budskaber	_	_	O	
85-37	at	_	_	O	
85-38	forholde	_	_	O	
85-39	sig	_	_	O	
85-40	til	_	_	O	
85-41	-	_	_	O	
85-42	eller	_	_	O	
85-43	frygte	_	_	O	
85-44	at	_	_	O	
85-45	overse	_	_	O	
85-46	.	_	_	O	

#id=86
#text=På pladsen foran Udenrigsministeriet i København har tamilerne opsat et telt.
86-1	På	_	_	O	
86-2	pladsen	_	_	O	
86-3	foran	_	_	O	
86-4	Udenrigsministeriet	_	_	O	
86-5	i	_	_	O	
86-6	København	_	_	O	
86-7	har	_	_	O	
86-8	tamilerne	_	_	O	
86-9	opsat	_	_	O	
86-10	et	_	_	O	
86-11	telt	_	_	O	
86-12	.	_	_	O	

#id=87
#text=Der skal være plads til de små levesteder, der gør livet lettere for frøer og fugle.
87-1	Der	_	_	O	
87-2	skal	_	_	O	
87-3	være	_	_	O	
87-4	plads	_	_	O	
87-5	til	_	_	O	
87-6	de	_	_	O	
87-7	små	_	_	O	
87-8	levesteder	_	_	O	
87-9	,	_	_	O	
87-10	der	_	_	O	
87-11	gør	_	_	O	
87-12	livet	_	_	O	
87-13	lettere	_	_	O	
87-14	for	_	_	O	
87-15	frøer	_	_	O	
87-16	og	_	_	O	
87-17	fugle	_	_	O	
87-18	.	_	_	O	

#id=88
#text=Og det er der efter DN's mening ikke plads til.
88-1	Og	_	_	O	
88-2	det	_	_	O	
88-3	er	_	_	O	
88-4	der	_	_	O	
88-5	efter	_	_	O	
88-6	DN	_	_	O	
88-7	'	_	_	O	
88-8	s	_	_	O	
88-9	mening	_	_	O	
88-10	ikke	_	_	O	
88-11	plads	_	_	O	
88-12	til	_	_	O	
88-13	.	_	_	O	

#id=89
#text= Foreningen frygter en plan, der åbner for endnu mere intensivt landbrug med endnu færre åndehuller, bare på lidt mindre plads end i dag, sådan som blandt andre Dansk Landbrug og miljøminister Troels Lund Poulsen er fortalere for.
89-1	Foreningen	_	_	O	
89-2	frygter	_	_	O	
89-3	en	_	_	O	
89-4	plan	_	_	O	
89-5	,	_	_	O	
89-6	der	_	_	O	
89-7	åbner	_	_	O	
89-8	for	_	_	O	
89-9	endnu	_	_	O	
89-10	mere	_	_	O	
89-11	intensivt	_	_	O	
89-12	landbrug	_	_	O	
89-13	med	_	_	O	
89-14	endnu	_	_	O	
89-15	færre	_	_	O	
89-16	åndehuller	_	_	O	
89-17	,	_	_	O	
89-18	bare	_	_	O	
89-19	på	_	_	O	
89-20	lidt	_	_	O	
89-21	mindre	_	_	O	
89-22	plads	_	_	O	
89-23	end	_	_	O	
89-24	i	_	_	O	
89-25	dag	_	_	O	
89-26	,	_	_	O	
89-27	sådan	_	_	O	
89-28	som	_	_	O	
89-29	blandt	_	_	O	
89-30	andre	_	_	O	
89-31	Dansk	_	_	O	
89-32	Landbrug	_	_	O	
89-33	og	_	_	O	
89-34	miljøminister	_	_	O	
89-35	Troels	_	_	O	
89-36	Lund	_	_	O	
89-37	Poulsen	_	NP:siu#:--:----	O	
89-38	er	_	_	O	
89-39	fortalere	_	_	O	
89-40	for	_	_	O	
89-41	.	_	_	O	

#id=90
#text= Derfor bliver der ikke plads til mere end 12 millioner svin i Danmark på årsbasis.
90-1	Derfor	_	_	O	
90-2	bliver	_	_	O	
90-3	der	_	_	O	
90-4	ikke	_	_	O	
90-5	plads	_	_	O	
90-6	til	_	_	O	
90-7	mere	_	_	O	
90-8	end	_	_	O	
90-9	12	_	_	O	
90-10	millioner	_	_	O	
90-11	svin	_	_	O	
90-12	i	_	_	O	
90-13	Danmark	_	_	O	
90-14	på	på	T-:----:--:----	O	
90-15	årsbasis	_	_	O	
90-16	.	_	_	O	

#id=91
#text=At der er plads i økonomien til at gå ud og købe noget og renovere deres hus.
91-1	At	_	_	O	
91-2	der	_	_	O	
91-3	er	_	_	O	
91-4	plads	_	_	O	
91-5	i	_	_	O	
91-6	økonomien	_	_	O	
91-7	til	_	_	O	
91-8	at	_	_	O	
91-9	gå	_	_	O	
91-10	ud	_	_	O	
91-11	og	_	_	O	
91-12	købe	_	_	O	
91-13	noget	_	_	O	
91-14	og	_	_	O	
91-15	renovere	_	_	O	
91-16	deres	_	_	O	
91-17	hus	_	_	O	
91-18	.	_	_	O	

#id=92
#text= På de næste pladser ligger søgemaskinen Google (16 millioner timer) og youtube.
92-1	På	_	_	O	
92-2	de	_	_	O	
92-3	næste	_	_	O	
92-4	pladser	_	_	O	
92-5	ligger	_	_	O	
92-6	søgemaskinen	_	_	O	
92-7	Google	_	_	O	
92-8	(	_	_	O	
92-9	16	_	_	O	
92-10	millioner	_	_	O	
92-11	timer	_	_	O	
92-12	)	_	_	O	
92-13	og	_	_	O	
92-14	youtube	_	_	O	
92-15	.	_	_	O	

#id=93
#text= Vi går en fremtid i møde, hvor der ikke bliver meget plads til de kunstnere, der kun kan vinde halve sejre.
93-1	Vi	_	_	O	
93-2	går	_	_	O	
93-3	en	_	_	O	
93-4	fremtid	_	_	O	
93-5	i	_	_	O	
93-6	møde	_	_	O	
93-7	,	_	_	O	
93-8	hvor	_	_	O	
93-9	der	_	_	O	
93-10	ikke	_	_	O	
93-11	bliver	_	_	O	
93-12	meget	_	_	O	
93-13	plads	_	_	O	
93-14	til	_	_	O	
93-15	de	_	_	O	
93-16	kunstnere	_	_	O	
93-17	,	_	_	O	
93-18	der	_	_	O	
93-19	kun	_	_	O	
93-20	kan	_	_	O	
93-21	vinde	_	_	O	
93-22	halve	_	_	O	
93-23	sejre	_	_	O	
93-24	.	_	_	O	

#id=94
#text=På denne plads kommenterer vi gode, velskrevne og tankevækkende debatindlæg fra andre danske medier.
94-1	På	_	_	O	
94-2	denne	_	_	O	
94-3	plads	_	_	O	
94-4	kommenterer	_	_	O	
94-5	vi	_	_	O	
94-6	gode	_	_	O	
94-7	,	_	_	O	
94-8	velskrevne	_	_	O	
94-9	og	_	_	O	
94-10	tankevækkende	_	_	O	
94-11	debatindlæg	_	_	O	
94-12	fra	_	_	O	
94-13	andre	_	_	O	
94-14	danske	_	_	O	
94-15	medier	_	_	O	
94-16	.	_	_	O	

#id=95
#text= Derfor er det vigtigt, at Danmark bruger alle 13 pladser i parlamentet til at søge alt den ind-flydelse, vi kan.
95-1	Derfor	_	_	O	
95-2	er	_	_	O	
95-3	det	_	_	O	
95-4	vigtigt	_	_	O	
95-5	,	_	_	O	
95-6	at	_	_	O	
95-7	Danmark	_	_	O	
95-8	bruger	_	_	O	
95-9	alle	_	_	O	
95-10	13	_	_	O	
95-11	pladser	_	_	O	
95-12	i	_	_	O	
95-13	parlamentet	_	_	O	
95-14	til	_	_	O	
95-15	at	_	_	O	
95-16	søge	_	_	O	
95-17	alt	_	_	O	
95-18	den	_	_	O	
95-19	ind	_	_	O	
95-20	-	_	_	O	
95-21	flydelse	_	_	O	
95-22	,	_	_	O	
95-23	vi	_	_	O	
95-24	kan	_	_	O	
95-25	.	_	_	O	

#id=96
#text=Vi skal have et samfund, hvor der er plads til alle, og vi skal ikke være ens.
96-1	Vi	_	_	O	
96-2	skal	_	_	O	
96-3	have	_	_	O	
96-4	et	_	_	O	
96-5	samfund	_	_	O	
96-6	,	_	_	O	
96-7	hvor	_	_	O	
96-8	der	_	_	O	
96-9	er	_	_	O	
96-10	plads	_	_	O	
96-11	til	_	_	O	
96-12	alle	_	_	O	
96-13	,	_	_	O	
96-14	og	_	_	O	
96-15	vi	_	_	O	
96-16	skal	_	_	O	
96-17	ikke	_	_	O	
96-18	være	_	_	O	
96-19	ens	_	_	O	
96-20	.	_	_	O	

#id=97
#text= Derfor er det problematisk, hvis vi ikke søger at finde plads til disse personer på arbejdsmarkedet.
97-1	Derfor	_	_	O	
97-2	er	_	_	O	
97-3	det	_	_	O	
97-4	problematisk	_	_	O	
97-5	,	_	_	O	
97-6	hvis	_	_	O	
97-7	vi	_	_	O	
97-8	ikke	_	_	O	
97-9	søger	_	_	O	
97-10	at	_	_	O	
97-11	finde	_	_	O	
97-12	plads	_	_	O	
97-13	til	_	_	O	
97-14	disse	_	_	O	
97-15	personer	_	_	O	
97-16	på	_	_	O	
97-17	arbejdsmarkedet	_	_	O	
97-18	.	_	_	O	

#id=98
#text=Men at skaffe plads til dem, der kan, bliver næppe en mindre opgave i de kommende år.
98-1	Men	_	_	O	
98-2	at	_	_	O	
98-3	skaffe	_	_	O	
98-4	plads	_	_	O	
98-5	til	_	_	O	
98-6	dem	_	_	O	
98-7	,	_	_	O	
98-8	der	_	_	O	
98-9	kan	_	_	O	
98-10	,	_	_	O	
98-11	bliver	_	_	O	
98-12	næppe	_	_	O	
98-13	en	_	_	O	
98-14	mindre	_	_	O	
98-15	opgave	_	_	O	
98-16	i	_	_	O	
98-17	de	_	_	O	
98-18	kommende	_	_	O	
98-19	år	_	_	O	
98-20	.	_	_	O	

#id=99
#text=Selv om brugen af kommissioner altså er stor under den nuværende regering, er det dog  langtfra dem alle, der har fungeret som sofistikerede meningsmålinger, da kun et par af dem har fået en tilstrækkelig plads i medierne.
99-1	Selv	_	_	O	
99-2	om	_	_	O	
99-3	brugen	_	_	O	
99-4	af	_	_	O	
99-5	kommissioner	_	_	O	
99-6	altså	_	_	O	
99-7	er	_	_	O	
99-8	stor	_	_	O	
99-9	under	_	_	O	
99-10	den	_	_	O	
99-11	nuværende	_	_	O	
99-12	regering	_	_	O	
99-13	,	_	_	O	
99-14	er	_	_	O	
99-15	det	_	_	O	
99-16	dog	_	_	O	
99-17	langtfra	_	_	O	
99-18	dem	_	_	O	
99-19	alle	_	_	O	
99-20	,	_	_	O	
99-21	der	_	_	O	
99-22	har	_	_	O	
99-23	fungeret	_	_	O	
99-24	som	_	_	O	
99-25	sofistikerede	_	_	O	
99-26	meningsmålinger	_	_	O	
99-27	,	_	_	O	
99-28	da	_	_	O	
99-29	kun	_	_	O	
99-30	et	_	_	O	
99-31	par	_	_	O	
99-32	af	_	_	O	
99-33	dem	_	_	O	
99-34	har	_	_	O	
99-35	fået	_	_	O	
99-36	en	_	_	O	
99-37	tilstrækkelig	_	_	O	
99-38	plads	_	_	O	
99-39	i	_	_	O	
99-40	medierne	_	_	O	
99-41	.	_	_	O	

#id=100
#text= Kommunerne har primært kost, rygning, alkohol og motion i sigtekornet, og meldingen fra kommunernes sundhedskonsulenter er, at de lokalt har svært ved at skaffe plads til den seksuelle sundhed i ' kampen' for større sundhed.
100-1	Kommunerne	_	_	O	
100-2	har	_	_	O	
100-3	primært	_	_	O	
100-4	kost	_	_	O	
100-5	,	_	_	O	
100-6	rygning	_	_	O	
100-7	,	_	_	O	
100-8	alkohol	_	_	O	
100-9	og	_	_	O	
100-10	motion	_	_	O	
100-11	i	_	_	O	
100-12	sigtekornet	_	_	O	
100-13	,	_	_	O	
100-14	og	_	_	O	
100-15	meldingen	_	_	O	
100-16	fra	_	_	O	
100-17	kommunernes	_	_	O	
100-18	sundhedskonsulenter	_	_	O	
100-19	er	_	_	O	
100-20	,	_	_	O	
100-21	at	_	_	O	
100-22	de	_	_	O	
100-23	lokalt	_	_	O	
100-24	har	_	_	O	
100-25	svært	_	_	O	
100-26	ved	_	_	O	
100-27	at	_	_	O	
100-28	skaffe	_	_	O	
100-29	plads	_	_	O	
100-30	til	_	_	O	
100-31	den	_	_	O	
100-32	seksuelle	_	_	O	
100-33	sundhed	_	_	O	
100-34	i	_	_	O	
100-35	'	_	_	O	
100-36	kampen	_	_	O	
100-37	'	_	_	O	
100-38	for	_	_	O	
100-39	større	_	_	O	
100-40	sundhed	_	_	O	
100-41	.	_	_	O	

